Year,NOC,bronze,gold,silver,total,is_host,rolling_3game_avg,iso_code,Country Name,Country Code,gdp_per_capita,trend_slope
2008,AFG,1,0,0,1,0,,AFG,Afghanistan,AFG,381.73323802844,0.0
2012,AFG,1,0,0,1,0,1.0,AFG,Afghanistan,AFG,651.417134470046,0.0
1988,AHO,0,0,1,1,0,,,,,,0.0
1984,ALG,2,0,0,2,0,,DZA,Algeria,DZA,2524.38071403143,0.0
1992,ALG,1,1,0,2,0,2.0,DZA,Algeria,DZA,1802.69300801289,0.0
1996,ALG,1,2,0,3,0,2.0,DZA,Algeria,DZA,1616.83198721285,0.0
2000,ALG,3,1,1,5,0,2.3333333333333335,DZA,Algeria,DZA,1772.92869122761,0.0
2008,ALG,1,0,1,2,0,3.3333333333333335,DZA,Algeria,DZA,5180.91881514686,0.9999999999999999
2012,ALG,0,1,0,1,0,3.3333333333333335,DZA,Algeria,DZA,6033.64884689543,0.20000000000000007
2016,ALG,0,0,2,2,0,2.6666666666666665,DZA,Algeria,DZA,4424.98529027556,-0.9000000000000001
1908,ANZ,2,15,2,19,0,,,,,,0.0
1912,ANZ,3,5,2,10,0,19.0,,,,,0.0
1924,ARG,2,5,3,10,0,,ARG,,,,0.0
1928,ARG,5,3,18,26,0,10.0,ARG,,,,0.0
1932,ARG,0,3,1,4,0,18.0,ARG,,,,0.0
1936,ARG,4,5,2,11,0,13.333333333333334,ARG,,,,0.0
1948,ARG,1,3,7,11,0,13.666666666666666,ARG,,,,-1.8999999999999984
1952,ARG,2,2,2,6,0,8.666666666666666,ARG,,,,-3.8000000000000003
1956,ARG,1,0,1,2,0,9.333333333333334,ARG,,,,0.600000000000001
1960,ARG,1,0,3,4,0,6.333333333333333,ARG,Argentina,ARG,778.251706763404,-3.1999999999999997
1964,ARG,0,0,1,1,0,4.0,ARG,Argentina,ARG,1176.20086190313,-2.5
1968,ARG,2,0,0,2,0,2.3333333333333335,ARG,Argentina,ARG,1141.95211617341,-1.3000000000000007
1972,ARG,0,0,1,1,0,2.3333333333333335,ARG,Argentina,ARG,1409.37097316211,-0.2999999999999998
1988,ARG,12,0,1,13,0,1.3333333333333333,ARG,Argentina,ARG,3992.70330179156,-0.8
1992,ARG,2,0,0,2,0,5.333333333333333,ARG,Argentina,ARG,6789.99611136495,3.4999999999999996
1996,ARG,1,0,19,20,0,5.333333333333333,ARG,Argentina,ARG,7663.21271287469,1.2000000000000002
2000,ARG,3,0,17,20,0,11.666666666666666,ARG,Argentina,ARG,7637.01489203628,4.6000000000000005
2004,ARG,21,28,0,49,0,14.0,ARG,Argentina,ARG,4242.02099089422,3.9000000000000004
2008,ARG,31,20,0,51,0,29.666666666666668,ARG,Argentina,ARG,8944.1102657357,14.100000000000001
2012,ARG,3,1,15,19,0,40.0,ARG,Argentina,ARG,12949.717486654,12.200000000000001
2016,ARG,0,21,1,22,0,39.666666666666664,ARG,Argentina,ARG,12699.9623137756,-0.0999999999999995
1996,ARM,0,1,1,2,0,,ARM,Armenia,ARM,487.068624404558,0.0
2000,ARM,1,0,0,1,0,2.0,ARM,Armenia,ARM,593.450581742282,0.0
2008,ARM,6,0,0,6,0,1.5,ARM,Armenia,ARM,3777.66859313767,0.0
2012,ARM,2,0,1,3,0,3.0,ARM,Armenia,ARM,3511.56399687426,0.0
2016,ARM,0,1,3,4,0,3.3333333333333335,ARM,Armenia,ARM,3524.42476874707,0.7999999999999999
1896,AUS,1,2,0,3,0,,AUS,,,,0.0
1900,AUS,3,3,0,6,0,3.0,AUS,,,,0.0
1904,AUS,1,0,3,4,0,4.5,AUS,,,,0.0
1906,AUS,3,0,0,3,0,4.333333333333333,AUS,,,,0.0
1920,AUS,1,0,6,7,0,4.333333333333333,AUS,,,,-0.1999999999999994
1924,AUS,2,3,5,10,0,4.666666666666667,AUS,,,,0.20000000000000026
1928,AUS,1,1,2,4,0,6.666666666666667,AUS,,,,2.1999999999999993
1932,AUS,1,3,1,5,0,7.0,AUS,,,,0.6000000000000006
1936,AUS,1,0,0,1,0,6.333333333333333,AUS,,,,-1.1999999999999988
1948,AUS,5,2,9,16,0,3.3333333333333335,AUS,,,,-2.599999999999999
1952,AUS,11,7,2,20,0,7.333333333333333,AUS,,,,3.1999999999999993
1956,AUS,26,28,13,67,1,12.333333333333334,AUS,,,,5.999999999999998
1960,AUS,11,11,24,46,0,34.333333333333336,AUS,Australia,AUS,1813.43109917039,20.199999999999996
1964,AUS,30,8,6,44,0,44.333333333333336,AUS,Australia,AUS,2134.48946124608,13.700000000000005
1968,AUS,11,5,35,51,0,52.333333333333336,AUS,Australia,AUS,2728.23426114901,5.100000000000009
1972,AUS,2,11,7,20,0,47.0,AUS,Australia,AUS,3955.22430403017,-4.9999999999999964
1976,AUS,8,0,15,23,0,38.333333333333336,AUS,Australia,AUS,7497.28175413577,-7.099999999999998
1980,AUS,5,6,2,13,0,31.333333333333332,AUS,Australia,AUS,10223.2886675105,-9.399999999999999
1984,AUS,31,7,14,52,0,18.666666666666668,AUS,Australia,AUS,12436.2969052038,-11.1
1988,AUS,11,18,6,35,0,29.333333333333332,AUS,Australia,AUS,14303.093047615,8.6
1992,AUS,16,14,27,57,0,33.333333333333336,AUS,Australia,AUS,18650.3675476612,7.5
1996,AUS,84,32,16,132,0,48.0,AUS,Australia,AUS,22055.838490507,11.500000000000007
2000,AUS,54,60,69,183,1,74.66666666666667,AUS,Australia,AUS,21908.9968019784,26.199999999999992
2004,AUS,31,49,77,157,0,124.0,AUS,Australia,AUS,30886.0500949401,51.9
2008,AUS,76,31,42,149,0,157.33333333333334,AUS,Australia,AUS,49811.2067218988,35.10000000000001
2012,AUS,59,18,37,114,0,163.0,AUS,Australia,AUS,68301.4402512587,2.4999999999999973
2016,AUS,25,23,34,82,0,140.0,AUS,Australia,AUS,50084.4440606385,-21.49999999999999
1896,AUT,2,2,1,5,0,,AUT,,,,0.0
1900,AUT,3,0,3,6,0,5.0,AUT,,,,0.0
1904,AUT,1,2,1,4,0,5.5,AUT,,,,0.0
1906,AUT,3,3,3,9,0,5.0,AUT,,,,0.0
1908,AUT,1,0,0,1,0,6.333333333333333,AUT,,,,0.9999999999999999
1912,AUT,5,0,9,14,0,4.666666666666667,AUT,,,,-0.9999999999999993
1924,AUT,1,0,3,4,0,8.0,AUT,,,,2.2000000000000006
1928,AUT,2,3,0,5,0,6.333333333333333,AUT,,,,-0.1999999999999987
1932,AUT,3,1,1,5,0,7.666666666666667,AUT,,,,0.20000000000000148
1936,AUT,7,6,42,55,0,4.666666666666667,AUT,,,,-2.600000000000002
1948,AUT,4,2,2,8,0,21.666666666666668,AUT,,,,15.299999999999997
1952,AUT,2,0,1,3,0,22.666666666666668,AUT,,,,5.900000000000001
1956,AUT,4,0,0,4,0,22.0,AUT,,,,-5.299999999999992
1960,AUT,0,1,2,3,0,5.0,AUT,Austria,AUT,939.914814681174,-15.8
1968,AUT,3,0,2,5,0,3.3333333333333335,AUT,Austria,AUT,1685.66211669148,-1.4000000000000001
1972,AUT,2,0,1,3,0,4.0,AUT,Austria,AUT,2912.59577111524,0.4999999999999999
1976,AUT,1,0,0,1,0,3.6666666666666665,AUT,Austria,AUT,5656.1451383787,-0.09999999999999998
1980,AUT,1,1,3,5,0,3.0,AUT,Austria,AUT,10826.9718274995,-0.7999999999999996
1984,AUT,1,1,1,3,0,3.0,AUT,Austria,AUT,8955.84829191534,-0.19999999999999993
1988,AUT,0,1,0,1,0,3.0,AUT,Austria,AUT,17509.7658683817,0.39999999999999986
1992,AUT,0,0,6,6,0,3.0,AUT,Austria,AUT,24782.7118767063,-0.19999999999999954
1996,AUT,2,0,1,3,0,3.3333333333333335,AUT,Austria,AUT,29645.9451251491,0.09999999999999976
2000,AUT,0,3,1,4,0,3.3333333333333335,AUT,Austria,AUT,24487.2974685956,0.5
2004,AUT,1,3,4,8,0,4.333333333333333,AUT,Austria,AUT,36614.2506533707,0.6000000000000003
2008,AUT,2,0,1,3,0,5.0,AUT,Austria,AUT,51581.3982361071,0.6999999999999996
2016,AUT,2,0,0,2,0,5.0,AUT,Austria,AUT,45061.4993920192,0.39999999999999974
1996,AZE,0,0,1,1,0,,AZE,Azerbaijan,AZE,409.185543774103,0.0
2000,AZE,1,2,0,3,0,1.0,AZE,Azerbaijan,AZE,655.097249579917,0.0
2004,AZE,4,1,0,5,0,2.0,AZE,Azerbaijan,AZE,1045.0136328106,0.0
2008,AZE,4,1,2,7,0,3.0,AZE,Azerbaijan,AZE,5574.46810432575,0.0
2012,AZE,6,2,2,10,0,5.0,AZE,Azerbaijan,AZE,7495.86527658099,2.0000000000000004
2016,AZE,10,1,7,18,0,7.333333333333333,AZE,Azerbaijan,AZE,3880.6852276838,2.3
1956,BAH,2,0,0,2,0,,BHS,,,,0.0
1964,BAH,0,2,0,2,0,2.0,BHS,"Bahamas, The",BHS,1883.44386022276,0.0
1992,BAH,1,0,0,1,0,2.0,BHS,"Bahamas, The",BHS,10873.4047501635,0.0
1996,BAH,0,0,5,5,0,1.6666666666666667,BHS,"Bahamas, The",BHS,11783.797197226,0.0
2000,BAH,5,6,0,11,0,2.6666666666666665,BHS,"Bahamas, The",BHS,24940.0775086078,0.7999999999999998
2004,BAH,1,1,0,2,0,5.666666666666667,BHS,"Bahamas, The",BHS,26650.2934234303,3.0999999999999996
2008,BAH,1,0,6,7,0,6.0,BHS,"Bahamas, The",BHS,29392.3824416397,0.9000000000000004
2012,BAH,0,4,0,4,0,6.666666666666667,BHS,"Bahamas, The",BHS,28552.0242683151,-0.29999999999999866
2016,BAH,5,1,0,6,0,4.333333333333333,BHS,"Bahamas, The",BHS,30616.5363157284,-1.6000000000000012
2000,BAR,1,0,0,1,0,,BRB,Barbados,BRB,11674.6736471764,0.0
1996,BDI,0,1,0,1,0,,BDI,Burundi,BDI,143.156741187159,0.0
2016,BDI,0,0,1,1,0,1.0,BDI,Burundi,BDI,232.937812100153,0.0
1900,BEL,13,6,24,43,0,,BEL,,,,0.0
1906,BEL,6,2,3,11,0,43.0,BEL,,,,0.0
1908,BEL,8,1,24,33,0,27.0,BEL,,,,0.0
1912,BEL,11,7,1,19,0,29.0,BEL,,,,0.0
1920,BEL,66,57,65,188,1,21.0,BEL,,,,-5.000000000000006
1924,BEL,6,3,30,39,0,80.0,BEL,,,,51.699999999999996
1928,BEL,4,0,1,5,0,82.0,BEL,,,,18.700000000000006
1932,BEL,1,0,0,1,0,77.33333333333333,BEL,,,,-19.09999999999998
1936,BEL,14,0,0,14,0,15.0,BEL,,,,-59.50000000000001
1948,BEL,8,5,2,15,0,6.666666666666667,BEL,,,,-7.900000000000002
1952,BEL,0,5,3,8,0,10.0,BEL,,,,4.299999999999999
1956,BEL,0,0,2,2,0,12.333333333333334,BEL,,,,2.2000000000000015
1960,BEL,2,0,2,4,0,8.333333333333334,BEL,Belgium,BEL,1290.28607216192,-4.300000000000001
1964,BEL,1,2,0,3,0,4.666666666666667,BEL,Belgium,BEL,1724.01894179056,-3.9000000000000012
1968,BEL,2,0,1,3,0,3.0,BEL,Belgium,BEL,2251.31575906782,-1.3000000000000007
1972,BEL,0,0,2,2,0,3.3333333333333335,BEL,Belgium,BEL,3831.63189999433,0.20000000000000007
1976,BEL,6,0,3,9,0,2.6666666666666665,BEL,Belgium,BEL,7243.04734119583,-0.5999999999999998
1980,BEL,0,1,0,1,0,4.666666666666667,BEL,Belgium,BEL,12864.0025661396,1.6999999999999997
1984,BEL,2,1,2,5,0,4.0,BEL,Belgium,BEL,8457.26880316374,0.10000000000000007
1988,BEL,2,0,0,2,0,5.0,BEL,Belgium,BEL,16391.093827791,0.10000000000000013
1992,BEL,2,0,1,3,0,2.6666666666666665,BEL,Belgium,BEL,23372.619171015,-1.7000000000000006
1996,BEL,2,2,2,6,0,3.3333333333333335,BEL,Belgium,BEL,27489.5551770488,0.3000000000000006
2000,BEL,4,0,3,7,0,3.6666666666666665,BEL,Belgium,BEL,23098.8865077401,0.39999999999999936
2004,BEL,2,1,0,3,0,5.333333333333333,BEL,Belgium,BEL,35429.4077933344,1.8
2008,BEL,0,1,4,5,0,5.333333333333333,BEL,Belgium,BEL,48303.397956286,0.10000000000000078
2012,BEL,2,0,1,3,0,5.0,BEL,Belgium,BEL,44874.1709182123,-0.7000000000000001
2016,BEL,2,2,17,21,0,3.6666666666666665,BEL,Belgium,BEL,41854.5498296444,-0.9999999999999999
1976,BER,1,0,0,1,0,,,,,,0.0
1996,BLR,16,1,6,23,0,,BLR,Belarus,BLR,1427.26896385327,0.0
2000,BLR,11,3,8,22,0,23.0,BLR,Belarus,BLR,1276.2880341,0.0
2004,BLR,8,2,5,15,0,22.5,BLR,Belarus,BLR,2378.33700470129,0.0
2008,BLR,16,8,5,29,0,20.0,BLR,Belarus,BLR,6376.17569162063,0.0
2012,BLR,8,3,12,23,0,22.0,BLR,Belarus,BLR,6953.21591683101,1.1000000000000019
2016,BLR,7,1,4,12,0,22.333333333333332,BLR,Belarus,BLR,5039.77560949445,1.6999999999999995
1900,BOH,2,0,1,3,0,,,,,,0.0
1906,BOH,3,0,0,3,0,3.0,,,,,0.0
1908,BOH,6,0,0,6,0,3.0,,,,,0.0
2012,BOT,0,0,1,1,0,,BWA,Botswana,BWA,6595.53845015424,0.0
1920,BRA,5,1,1,7,0,,BRA,,,,0.0
1948,BRA,10,0,0,10,0,7.0,BRA,,,,0.0
1952,BRA,2,1,0,3,0,8.5,BRA,,,,0.0
1956,BRA,0,1,0,1,0,6.666666666666667,BRA,,,,0.0
1960,BRA,13,0,0,13,0,4.666666666666667,BRA,Brazil,BRA,235.266009502589,-2.5000000000000004
1964,BRA,12,0,0,12,0,5.666666666666667,BRA,Brazil,BRA,257.259726897671,0.6999999999999995
1968,BRA,3,0,1,4,0,8.666666666666666,BRA,Brazil,BRA,373.925432639683,3.9
1972,BRA,2,0,0,2,0,9.666666666666666,BRA,Brazil,BRA,583.492034946156,0.8000000000000027
1976,BRA,3,0,0,3,0,6.0,BRA,Brazil,BRA,1389.74952306555,-4.099999999999999
1980,BRA,5,4,0,9,0,3.0,BRA,Brazil,BRA,1958.57159232662,-2.9
1984,BRA,2,1,33,36,0,4.666666666666667,BRA,Brazil,BRA,1419.73154606978,1.5999999999999999
1988,BRA,5,1,17,23,0,16.0,BRA,Brazil,BRA,2140.65027561164,10.799999999999999
1992,BRA,0,13,1,14,0,22.666666666666668,BRA,Brazil,BRA,2127.29083011489,8.700000000000001
1996,BRA,43,5,15,63,0,24.333333333333332,BRA,Brazil,BRA,5179.13052009976,0.20000000000000326
2000,BRA,36,0,12,48,0,33.333333333333336,BRA,Brazil,BRA,3766.54786339835,7.199999999999998
2004,BRA,3,18,19,40,0,41.666666666666664,BRA,Brazil,BRA,3663.82262497811,12.4
2008,BRA,30,14,34,78,0,50.333333333333336,BRA,Brazil,BRA,8908.33338467948,6.300000000000005
2012,BRA,11,14,34,59,0,55.333333333333336,BRA,Brazil,BRA,12521.7238454434,3.6999999999999984
2016,BRA,6,36,8,50,1,59.0,BRA,Brazil,BRA,8836.28546025694,7.099999999999997
2012,BRN,1,0,0,1,0,,BHR,Bahrain,BHR,26438.6733230428,0.0
2016,BRN,0,1,1,2,0,1.0,BHR,Bahrain,BHR,23800.001440631,0.0
1952,BUL,1,0,0,1,0,,BGR,,,,0.0
1956,BUL,14,1,3,18,0,1.0,BGR,,,,0.0
1960,BUL,3,1,3,7,0,9.5,BGR,,,,0.0
1964,BUL,2,3,5,10,0,8.666666666666666,BGR,,,,0.0
1968,BUL,3,2,21,26,0,11.666666666666666,BGR,,,,1.6000000000000016
1972,BUL,6,6,10,22,0,14.333333333333334,BGR,,,,2.6999999999999984
1976,BUL,18,8,13,39,0,19.333333333333332,BGR,,,,6.100000000000001
1980,BUL,38,8,44,90,0,29.0,BGR,Bulgaria,BGR,2238.80295786574,8.3
1988,BUL,17,10,14,41,0,50.333333333333336,BGR,Bulgaria,BGR,2511.39306259489,20.9
1992,BUL,7,3,7,17,0,56.666666666666664,BGR,Bulgaria,BGR,1007.34454544881,10.8
1996,BUL,6,3,12,21,0,49.333333333333336,BGR,Bulgaria,BGR,1470.19259250682,-11.499999999999996
2000,BUL,2,5,6,13,0,26.333333333333332,BGR,Bulgaria,BGR,1621.26210738992,-23.1
2004,BUL,14,2,1,17,0,17.0,BGR,Bulgaria,BGR,3389.68743360274,-8.0
2008,BUL,3,1,1,5,0,17.0,BGR,Bulgaria,BGR,7271.30338858025,-0.7999999999999994
2012,BUL,1,0,1,2,0,11.666666666666666,BGR,Bulgaria,BGR,7431.95789508871,-4.399999999999999
2016,BUL,6,0,1,7,0,8.0,BGR,Bulgaria,BGR,7822.49923292968,-4.5
1900,CAN,1,1,0,2,0,,CAN,,,,0.0
1904,CAN,12,27,9,48,0,2.0,CAN,,,,0.0
1906,CAN,0,1,1,2,0,25.0,CAN,,,,0.0
1908,CAN,30,14,8,52,0,17.333333333333332,CAN,,,,0.0
1912,CAN,3,3,2,8,0,34.0,CAN,,,,10.399999999999999
1920,CAN,3,10,3,16,0,20.666666666666668,CAN,,,,-7.0
1924,CAN,1,0,19,20,0,25.333333333333332,CAN,,,,-0.199999999999995
1928,CAN,21,7,5,33,0,14.666666666666666,CAN,,,,-8.800000000000004
1932,CAN,24,2,13,39,0,23.0,CAN,,,,7.900000000000002
1936,CAN,9,1,12,22,0,30.666666666666668,CAN,,,,8.2
1948,CAN,5,0,2,7,0,31.333333333333332,CAN,,,,1.2000000000000017
1952,CAN,0,1,3,4,0,22.666666666666668,CAN,,,,-9.499999999999998
1956,CAN,5,5,9,19,0,11.0,CAN,,,,-11.999999999999998
1960,CAN,0,0,9,9,0,10.0,CAN,Canada,CAN,2264.94849658191,-1.200000000000001
1964,CAN,1,2,2,5,0,10.666666666666666,CAN,Canada,CAN,2561.63849088572,2.1
1968,CAN,4,3,3,10,0,11.0,CAN,Canada,CAN,3473.23722551871,-0.6999999999999981
1972,CAN,9,0,2,11,0,8.0,CAN,Canada,CAN,5106.73708049128,-3.100000000000001
1976,CAN,14,0,9,23,1,8.666666666666666,CAN,Canada,CAN,8838.94710677652,1.0999999999999999
1984,CAN,32,19,36,87,0,14.666666666666666,CAN,Canada,CAN,13930.4745502555,5.500000000000001
1988,CAN,14,4,5,23,0,40.333333333333336,CAN,Canada,CAN,19012.5723278349,24.3
1992,CAN,12,27,5,44,0,44.333333333333336,CAN,Canada,CAN,20950.3305287651,10.000000000000002
1996,CAN,12,8,30,50,0,51.333333333333336,CAN,Canada,CAN,21296.9723536904,-0.09999999999999859
2000,CAN,23,4,4,31,0,39.0,CAN,Canada,CAN,24271.0020563821,-9.000000000000002
2004,CAN,4,3,10,17,0,41.666666666666664,CAN,Canada,CAN,32145.5412620217,3.0000000000000036
2008,CAN,11,11,13,35,0,32.666666666666664,CAN,Canada,CAN,46710.2526864484,-9.999999999999993
2012,CAN,33,1,21,55,0,27.666666666666668,CAN,Canada,CAN,52670.3447335415,-5.900000000000004
2016,CAN,61,4,4,69,0,35.666666666666664,CAN,Canada,CAN,42314.0615817218,8.999999999999998
1928,CHI,0,0,1,1,0,,CHL,,,,0.0
1952,CHI,0,0,4,4,0,1.0,CHL,,,,0.0
1956,CHI,2,0,2,4,0,2.5,CHL,,,,0.0
1988,CHI,0,0,1,1,0,3.0,CHL,Chile,CHL,2013.53987790886,0.0
2000,CHI,17,0,0,17,0,3.0,CHL,Chile,CHL,5052.99245766325,3.215233786718791e-16
2004,CHI,1,3,0,4,0,7.333333333333333,CHL,Chile,CHL,6120.59152055344,3.599999999999999
2008,CHI,0,0,1,1,0,7.333333333333333,CHL,Chile,CHL,10683.2188772511,1.5999999999999999
1984,CHN,37,24,13,74,0,,CHN,China,CHN,251.192686463827,0.0
1988,CHN,30,6,16,52,0,74.0,CHN,China,CHN,284.023573149686,0.0
1992,CHN,19,18,45,82,0,63.0,CHN,China,CHN,367.822651903542,0.0
1996,CHN,17,19,70,106,0,69.33333333333333,CHN,China,CHN,713.337387811657,0.0
2000,CHN,17,39,23,79,0,80.0,CHN,China,CHN,969.199513696287,12.6
2004,CHN,15,52,27,94,0,89.0,CHN,China,CHN,1530.92726215723,10.5
2008,CHN,57,74,53,184,1,93.0,CHN,China,CHN,3523.44302065213,0.9000000000000079
2012,CHN,29,56,40,125,0,119.0,CHN,China,CHN,6405.0574241349,24.899999999999988
2016,CHN,37,46,30,113,0,134.33333333333334,CHN,China,CHN,8254.86859320357,22.799999999999994
1984,CIV,0,0,1,1,0,,CIV,Cote d'Ivoire,CIV,708.940252199945,0.0
2016,CIV,1,1,0,2,0,1.0,CIV,Cote d'Ivoire,CIV,1862.59597081287,0.0
1968,CMR,0,0,1,1,0,,CMR,Cameroon,CMR,170.782666507465,0.0
1984,CMR,1,0,0,1,0,1.0,CMR,Cameroon,CMR,771.702146026357,0.0
2000,CMR,0,18,0,18,0,1.0,CMR,Cameroon,CMR,708.565731625965,0.0
2004,CMR,0,1,0,1,0,6.666666666666667,CMR,Cameroon,CMR,1133.39326749673,0.0
2008,CMR,0,1,0,1,0,6.666666666666667,CMR,Cameroon,CMR,1492.14269801453,1.7000000000000004
1900,COL,0,0,1,1,0,,COL,,,,0.0
1972,COL,2,0,1,3,0,1.0,COL,Colombia,COL,397.41211740514,0.0
1984,COL,0,0,1,1,0,2.0,COL,Colombia,COL,1335.52821812362,0.0
1988,COL,1,0,0,1,0,1.6666666666666667,COL,Colombia,COL,1259.6174112078,0.0
1992,COL,1,0,0,1,0,1.6666666666666667,COL,Colombia,COL,1730.39091795329,-0.19999999999999984
2000,COL,0,1,0,1,0,1.0,COL,Colombia,COL,2555.00751039968,-0.5999999999999999
2004,COL,2,0,0,2,0,1.0,COL,Colombia,COL,2818.57195413044,-8.214889951798643e-17
2008,COL,1,0,1,2,0,1.3333333333333333,COL,Colombia,COL,5541.83629665898,0.3
2012,COL,4,1,3,8,0,1.6666666666666667,COL,Colombia,COL,8108.59838244229,0.39999999999999997
2016,COL,3,3,2,8,0,4.0,COL,Colombia,COL,5959.84250367574,2.1
1988,CRC,0,0,1,1,0,,CRI,Costa Rica,CRI,1554.74048522018,0.0
1996,CRC,0,1,0,1,0,1.0,CRI,Costa Rica,CRI,3226.96395598625,0.0
2000,CRC,2,0,0,2,0,1.0,CRI,Costa Rica,CRI,3812.75388284924,0.0
1992,CRO,3,0,12,15,0,,HRV,Croatia,HRV,2321.15204123035,0.0
1996,CRO,0,16,12,28,0,15.0,HRV,Croatia,HRV,5299.6410536193,0.0
2000,CRO,9,1,0,10,0,21.5,HRV,Croatia,HRV,4953.65158789022,0.0
2004,CRO,3,15,3,21,0,17.666666666666668,HRV,Croatia,HRV,9718.97322801967,0.0
2008,CRO,3,0,2,5,0,19.666666666666668,HRV,Croatia,HRV,15888.0606949392,1.1062886116122066e-15
2012,CRO,16,15,4,35,0,12.0,HRV,Croatia,HRV,13507.7805260991,-5.8
2016,CRO,2,7,15,24,0,20.333333333333332,HRV,Croatia,HRV,12820.1653893008,5.9
1900,CUB,0,1,1,2,0,,CUB,,,,0.0
1904,CUB,0,5,0,5,0,2.0,CUB,,,,0.0
1948,CUB,0,0,2,2,0,3.5,CUB,,,,0.0
1964,CUB,0,0,1,1,0,3.0,CUB,,,,0.0
1968,CUB,0,0,10,10,0,2.6666666666666665,CUB,,,,-0.5999999999999995
1972,CUB,18,3,1,22,0,4.333333333333333,CUB,Cuba,CUB,891.631749208781,1.3999999999999995
1976,CUB,14,6,4,24,0,11.0,CUB,Cuba,CUB,1440.73046137146,6.8999999999999995
1980,CUB,5,8,7,20,0,18.666666666666668,CUB,Cuba,CUB,2030.93362280165,8.1
1992,CUB,14,42,13,69,0,22.0,CUB,Cuba,CUB,2047.67900346421,3.2
1996,CUB,10,37,8,55,0,37.666666666666664,CUB,Cuba,CUB,2282.18809324202,13.7
2000,CUB,12,18,35,65,0,48.0,CUB,Cuba,CUB,2751.3817714814,14.200000000000001
2004,CUB,22,32,8,62,0,63.0,CUB,Cuba,CUB,3399.21962893402,12.100000000000005
2008,CUB,11,2,34,47,0,60.666666666666664,CUB,Cuba,CUB,4986.12436479175,-1.1000000000000032
2012,CUB,6,5,3,14,0,58.0,CUB,Cuba,CUB,6470.83673392653,-2.6999999999999904
2016,CUB,4,5,2,11,0,41.0,CUB,Cuba,CUB,8110.55874283616,-16.799999999999997
2012,CYP,0,0,1,1,0,,CYP,Cyprus,CYP,28991.935546875,0.0
1996,CZE,4,4,5,13,0,,CZE,Czechia,CZE,6573.19643136362,0.0
2000,CZE,4,2,3,9,0,13.0,CZE,Czechia,CZE,6062.92152842793,0.0
2004,CZE,6,1,6,13,0,11.0,CZE,Czechia,CZE,11782.5546676117,0.0
2008,CZE,0,3,4,7,0,11.666666666666666,CZE,Czechia,CZE,22774.7045076205,0.0
2012,CZE,6,4,4,14,0,9.666666666666666,CZE,Czechia,CZE,20014.0354015165,-1.4
2016,CZE,12,1,2,15,0,11.333333333333334,CZE,Czechia,CZE,18753.9686718096,0.900000000000001
1896,DEN,3,1,2,6,0,,DNK,,,,0.0
1900,DEN,2,4,3,9,0,6.0,DNK,,,,0.0
1906,DEN,1,14,19,34,0,7.5,DNK,,,,0.0
1908,DEN,3,0,14,17,0,16.333333333333332,DNK,,,,0.0
1912,DEN,33,5,49,87,0,20.0,DNK,,,,5.8
1920,DEN,1,26,44,71,0,46.0,DNK,,,,21.7
1924,DEN,3,2,9,14,0,58.333333333333336,DNK,,,,18.099999999999998
1928,DEN,4,6,5,15,0,57.333333333333336,DNK,,,,-2.4999999999999973
1932,DEN,4,0,7,11,0,33.333333333333336,DNK,,,,-27.300000000000008
1936,DEN,3,0,3,6,0,13.333333333333334,DNK,,,,-17.900000000000006
1948,DEN,27,7,17,51,0,10.666666666666666,DNK,,,,-2.799999999999999
1952,DEN,5,3,1,9,0,22.666666666666668,DNK,,,,10.3
1956,DEN,1,1,4,6,0,22.0,DNK,,,,3.9000000000000012
1960,DEN,4,2,17,23,0,22.0,DNK,Denmark,DNK,1389.0213943225,-4.199999999999995
1964,DEN,4,7,1,12,0,12.666666666666666,DNK,Denmark,DNK,2049.39724281483,-8.700000000000005
1968,DEN,6,5,6,17,0,13.666666666666666,DNK,Denmark,DNK,2776.13544525805,2.6
1972,DEN,0,1,0,1,0,17.333333333333332,DNK,Denmark,DNK,4653.95587889115,2.200000000000002
1976,DEN,5,3,0,8,0,10.0,DNK,Denmark,DNK,8773.3396162771,-6.1000000000000005
1980,DEN,2,4,2,8,0,8.666666666666666,DNK,Denmark,DNK,13822.1578405912,-2.7999999999999994
1984,DEN,10,0,3,13,0,5.666666666666667,DNK,Denmark,DNK,11516.6821578436,-2.0000000000000013
1988,DEN,3,3,1,7,0,9.666666666666666,DNK,Denmark,DNK,22524.5792595476,3.5999999999999996
1992,DEN,9,3,2,14,0,9.333333333333334,DNK,Denmark,DNK,29579.4913648682,0.19999999999999993
1996,DEN,1,21,1,23,0,11.333333333333334,DNK,Denmark,DNK,35621.9878051732,1.1999999999999995
2000,DEN,4,18,3,25,0,14.666666666666666,DNK,Denmark,DNK,30722.0251837567,3.6999999999999997
2004,DEN,9,19,1,29,0,20.666666666666668,DNK,Denmark,DNK,46625.050098011,6.3
2008,DEN,6,6,7,19,0,25.666666666666668,DNK,Denmark,DNK,64616.6657583663,4.700000000000002
2012,DEN,8,3,5,16,0,24.333333333333332,DNK,Denmark,DNK,58443.7747103968,-0.7999999999999974
2016,DEN,16,15,10,41,0,21.333333333333332,DNK,Denmark,DNK,54500.9260410217,-3.699999999999998
1988,DJI,1,0,0,1,0,,DJI,Djibouti,DJI,816.874614065329,0.0
1984,DOM,1,0,0,1,0,,DOM,Dominican Republic,DOM,1843.52460788928,0.0
2004,DOM,0,1,0,1,0,1.0,DOM,Dominican Republic,DOM,2451.69161616569,0.0
2008,DOM,0,1,1,2,0,1.0,DOM,Dominican Republic,DOM,5023.58513403515,0.0
2012,DOM,0,1,1,2,0,1.3333333333333333,DOM,Dominican Republic,DOM,6013.81965002603,0.0
2016,DOM,1,0,0,1,0,1.6666666666666667,DOM,Dominican Republic,DOM,7160.44200982307,0.39999999999999997
1996,ECU,0,1,0,1,0,,ECU,Ecuador,ECU,2135.8479374308,0.0
2008,ECU,0,0,1,1,0,1.0,ECU,Ecuador,ECU,4194.75750661981,0.0
1928,EGY,1,2,1,4,0,,EGY,,,,0.0
1936,EGY,2,2,1,5,0,4.0,EGY,,,,0.0
1948,EGY,1,2,2,5,0,4.5,EGY,,,,0.0
1952,EGY,1,0,0,1,0,4.666666666666667,EGY,,,,0.0
1984,EGY,0,0,1,1,0,3.6666666666666665,EGY,"Egypt, Arab Rep.",EGY,689.807675510205,-0.8999999999999998
2004,EGY,3,1,1,5,0,2.3333333333333335,EGY,"Egypt, Arab Rep.",EGY,991.255689145253,-1.6000000000000003
2008,EGY,1,0,0,1,0,2.3333333333333335,EGY,"Egypt, Arab Rep.",EGY,1896.21594269779,-2.8120956021336273e-16
2012,EGY,0,0,2,2,0,2.3333333333333335,EGY,"Egypt, Arab Rep.",EGY,2996.0677072015,0.40000000000000013
2016,EGY,3,0,0,3,0,2.6666666666666665,EGY,"Egypt, Arab Rep.",EGY,3270.6287768197,-0.09999999999999988
2004,ERI,1,0,0,1,0,,ERI,Eritrea,ERI,426.840947887032,0.0
1900,ESP,0,2,0,2,0,,ESP,,,,0.0
1920,ESP,0,0,23,23,0,2.0,ESP,,,,0.0
1928,ESP,0,3,0,3,0,12.5,ESP,,,,0.0
1932,ESP,1,0,0,1,0,9.333333333333334,ESP,,,,0.0
1948,ESP,0,0,3,3,0,9.0,ESP,,,,-2.2999999999999976
1952,ESP,0,0,1,1,0,2.3333333333333335,ESP,,,,-6.200000000000002
1960,ESP,14,0,0,14,0,1.6666666666666667,ESP,Spain,ESP,407.96302786933,-0.39999999999999997
1972,ESP,1,0,0,1,0,6.0,ESP,Spain,ESP,1707.58800052655,3.6999999999999997
1976,ESP,0,0,6,6,0,5.333333333333333,ESP,Spain,ESP,3276.97023260494,0.7000000000000002
1980,ESP,3,2,19,24,0,7.0,ESP,Spain,ESP,6204.14321544225,0.20000000000000134
1984,ESP,3,2,14,19,0,10.333333333333334,ESP,Spain,ESP,4486.78173863382,3.4999999999999987
1988,ESP,2,1,2,5,0,16.333333333333332,ESP,Spain,ESP,9696.1928538538,7.200000000000001
1992,ESP,2,48,19,69,1,16.0,ESP,Spain,ESP,16100.6799428032,-0.7999999999999964
1996,ESP,22,23,21,66,0,31.0,ESP,Spain,ESP,16100.6215831114,12.099999999999998
2000,ESP,20,3,19,42,0,46.666666666666664,ESP,Spain,ESP,14743.2671031455,20.499999999999996
2004,ESP,9,4,17,30,0,59.0,ESP,Spain,ESP,24925.0267844576,10.800000000000008
2008,ESP,16,7,47,70,0,46.0,ESP,Spain,ESP,35603.248328071,-14.100000000000001
2012,ESP,25,5,33,63,0,47.333333333333336,ESP,Spain,ESP,28456.4438151477,-1.006080425156013e-15
2016,ESP,17,9,19,45,0,54.333333333333336,ESP,Spain,ESP,26755.6061149398,10.299999999999995
1920,EST,0,1,2,3,0,,EST,,,,0.0
1924,EST,4,1,1,6,0,3.0,EST,,,,0.0
1928,EST,6,2,1,9,0,4.5,EST,,,,0.0
1936,EST,3,2,2,7,0,6.0,EST,,,,0.0
1992,EST,2,1,0,3,0,7.333333333333333,EST,,,,1.4999999999999998
2000,EST,2,1,0,3,0,6.333333333333333,EST,Estonia,EST,4070.60902410208,-1.0999999999999994
2004,EST,2,0,1,3,0,4.333333333333333,EST,Estonia,EST,8916.0728274602,-2.1999999999999997
2008,EST,0,1,2,3,0,3.0,EST,Estonia,EST,18205.9064113446,-1.2000000000000006
2012,EST,1,0,1,2,0,3.0,EST,Estonia,EST,17568.2137969714,2.5691830594314166e-17
2016,EST,4,0,0,4,0,2.6666666666666665,EST,Estonia,EST,18666.3736521706,-0.29999999999999993
1960,ETH,0,1,0,1,0,,ETH,Ethiopia,ETH,75.3396090705961,0.0
1964,ETH,0,1,0,1,0,1.0,ETH,Ethiopia,ETH,83.8368648270969,0.0
1968,ETH,0,1,1,2,0,1.0,ETH,Ethiopia,ETH,99.4743651000667,0.0
1972,ETH,2,0,0,2,0,1.3333333333333333,ETH,Ethiopia,ETH,119.839997124757,0.0
1980,ETH,2,2,0,4,0,1.6666666666666667,ETH,Ethiopia,ETH,203.685394440965,0.39999999999999997
1992,ETH,2,1,0,3,0,2.6666666666666665,ETH,Ethiopia,ETH,207.406400863847,0.9000000000000001
1996,ETH,1,2,0,3,0,3.0,ETH,Ethiopia,ETH,147.327458851964,0.4999999999999997
2000,ETH,3,4,1,8,0,3.3333333333333335,ETH,Ethiopia,ETH,122.269202606069,0.20000000000000007
2004,ETH,2,2,3,7,0,4.666666666666667,ETH,Ethiopia,ETH,133.169812538096,1.1999999999999995
2008,ETH,2,4,1,7,0,6.0,ETH,Ethiopia,ETH,316.410475118075,1.6999999999999997
2012,ETH,3,3,1,7,0,7.333333333333333,ETH,Ethiopia,ETH,452.101031885754,1.1000000000000008
2016,ETH,5,1,2,8,0,7.0,ETH,Ethiopia,ETH,641.651523286233,-0.3000000000000003
1992,EUN,67,92,61,220,0,,RUS,Russian Federation,RUS,3098.802734375,0.0
2016,FIJ,0,13,0,13,0,,FJI,Fiji,FJI,5363.79026679243,0.0
1906,FIN,1,2,1,4,0,,FIN,,,,0.0
1908,FIN,28,1,1,30,0,4.0,FIN,,,,0.0
1912,FIN,22,9,40,71,0,17.0,FIN,,,,0.0
1920,FIN,17,21,14,52,0,35.0,FIN,,,,0.0
1924,FIN,15,24,13,52,0,51.0,FIN,,,,18.500000000000004
1928,FIN,9,8,8,25,0,58.333333333333336,FIN,,,,4.7
1932,FIN,16,5,8,29,0,43.0,FIN,,,,-13.8
1936,FIN,13,8,6,27,0,35.333333333333336,FIN,,,,-9.600000000000001
1948,FIN,8,17,8,33,0,27.0,FIN,,,,-7.099999999999998
1952,FIN,29,8,3,40,1,29.666666666666668,FIN,,,,2.1999999999999993
1956,FIN,22,3,1,26,0,33.333333333333336,FIN,,,,3.900000000000001
1960,FIN,4,1,1,6,0,33.0,FIN,Finland,FIN,1191.85508873415,0.400000000000001
1964,FIN,2,3,0,5,0,24.0,FIN,Finland,FIN,1725.60483489826,-9.499999999999993
1968,FIN,1,1,2,4,0,12.333333333333334,FIN,Finland,FIN,1927.29380452918,-12.499999999999998
1972,FIN,6,3,1,10,0,5.0,FIN,Finland,FIN,3177.9287929756,-6.700000000000003
1976,FIN,0,4,2,6,0,6.333333333333333,FIN,Finland,FIN,6740.29145314637,1.1000000000000003
1980,FIN,5,3,1,9,0,6.666666666666667,FIN,Finland,FIN,11224.9380036353,0.9000000000000002
1984,FIN,6,4,2,12,0,8.333333333333334,FIN,Finland,FIN,10830.2185222663,1.0999999999999996
1988,FIN,2,1,1,4,0,9.0,FIN,Finland,FIN,22043.7701596288,0.8999999999999996
1992,FIN,2,1,4,7,0,8.333333333333334,FIN,Finland,FIN,22320.1124695857,-0.30000000000000027
1996,FIN,1,1,2,4,0,7.666666666666667,FIN,Finland,FIN,25756.6777073618,-1.3999999999999995
2000,FIN,1,3,1,5,0,5.0,FIN,Finland,FIN,24335.9225082659,-2.0999999999999996
2004,FIN,0,0,2,2,0,5.333333333333333,FIN,Finland,FIN,37768.1334202029,2.924397572840434e-17
2008,FIN,2,1,2,5,0,3.6666666666666665,FIN,Finland,FIN,53769.4726240385,-1.3999999999999997
2012,FIN,4,0,1,5,0,4.0,FIN,Finland,FIN,47551.6740841369,-4.269198189232018e-16
2016,FIN,1,0,0,1,0,4.0,FIN,Finland,FIN,43451.2562442158,0.30000000000000004
1896,FRA,2,5,4,11,0,,FRA,,,,0.0
1900,FRA,82,52,101,235,1,11.0,FRA,,,,0.0
1904,FRA,0,0,2,2,0,123.0,FRA,,,,0.0
1906,FRA,28,20,16,64,0,82.66666666666667,FRA,,,,0.0
1908,FRA,23,12,5,40,0,100.33333333333333,FRA,,,,-7.399999999999982
1912,FRA,5,10,11,26,0,35.333333333333336,FRA,,,,-52.30000000000001
1920,FRA,57,13,71,141,0,43.333333333333336,FRA,,,,4.800000000000011
1924,FRA,22,37,51,110,1,69.0,FRA,,,,21.699999999999996
1928,FRA,14,12,24,50,0,92.33333333333333,FRA,,,,32.49999999999999
1932,FRA,6,26,8,40,0,100.33333333333333,FRA,,,,4.099999999999996
1936,FRA,18,13,13,44,0,66.66666666666667,FRA,,,,-36.300000000000004
1948,FRA,24,26,22,72,0,44.666666666666664,FRA,,,,-20.8
1952,FRA,17,14,9,40,0,52.0,FRA,,,,7.0
1956,FRA,13,7,13,33,0,52.0,FRA,,,,2.800000000000005
1960,FRA,6,0,6,12,0,48.333333333333336,FRA,France,FRA,1306.79629911648,-6.499999999999992
1964,FRA,17,1,13,31,0,28.333333333333332,FRA,France,FRA,1891.12061521027,-18.699999999999992
1968,FRA,10,12,5,27,0,25.333333333333332,FRA,France,FRA,2518.15825593491,-4.8
1972,FRA,15,2,5,22,0,23.333333333333332,FRA,France,FRA,3809.09946046394,0.09999999999999762
1976,FRA,8,5,7,20,0,26.666666666666668,FRA,France,FRA,6792.3099035538,2.6000000000000005
1980,FRA,6,18,5,29,0,23.0,FRA,France,FRA,12565.1639377144,-3.7999999999999994
1984,FRA,31,20,16,67,0,23.666666666666668,FRA,France,FRA,9311.89426452129,0.4000000000000018
1988,FRA,13,12,4,29,0,38.666666666666664,FRA,France,FRA,17549.6440487161,14.399999999999999
1992,FRA,43,9,5,57,0,41.666666666666664,FRA,France,FRA,23615.0168565483,6.500000000000004
1996,FRA,20,21,10,51,0,51.0,FRA,France,FRA,26757.6351494145,4.6
2000,FRA,14,22,30,66,0,45.666666666666664,FRA,France,FRA,22340.5939516217,-2.000000000000008
2004,FRA,22,21,10,53,0,58.0,FRA,France,FRA,33644.9282220364,10.500000000000004
2008,FRA,28,25,24,77,0,56.666666666666664,FRA,France,FRA,45464.8181385158,0.30000000000000315
2012,FRA,22,30,30,82,0,65.33333333333333,FRA,France,FRA,40863.5814412333,6.499999999999998
2016,FRA,21,20,55,96,0,70.66666666666667,FRA,France,FRA,37024.2157133669,7.199999999999995
1968,FRG,18,17,16,51,0,,DEU,Germany,DEU,2025.08159465853,0.0
1972,FRG,39,44,19,102,0,51.0,DEU,Germany,DEU,3823.94032602696,0.0
1976,FRG,32,21,25,78,0,76.5,DEU,Germany,DEU,6659.16546576017,0.0
1984,FRG,53,30,75,158,0,77.0,DEU,Germany,DEU,9347.29068412377,0.0
1988,FRG,46,32,37,115,0,112.66666666666667,DEU,Germany,DEU,17996.9783507619,29.70000000000001
2012,GAB,0,0,1,1,0,,GAB,Gabon,GAB,9296.96587941088,0.0
1896,GBR,3,3,3,9,0,,GBR,,,,0.0
1900,GBR,15,59,34,108,0,9.0,GBR,,,,0.0
1904,GBR,0,1,1,2,0,58.5,GBR,,,,0.0
1906,GBR,8,9,22,39,0,39.666666666666664,GBR,,,,0.0
1908,GBR,90,147,131,368,1,49.666666666666664,GBR,,,,-1.5999999999999834
1912,GBR,59,47,64,170,0,136.33333333333334,GBR,,,,81.69999999999997
1920,GBR,17,52,42,111,0,192.33333333333334,GBR,,,,83.30000000000001
1924,GBR,19,15,30,64,0,216.33333333333334,GBR,,,,1.800000000000044
1928,GBR,24,7,27,58,0,115.0,GBR,,,,-97.1
1932,GBR,14,9,12,35,0,77.66666666666667,GBR,,,,-38.3
1936,GBR,8,12,16,36,0,52.333333333333336,GBR,,,,-23.4
1948,GBR,12,7,42,61,1,43.0,GBR,,,,-10.699999999999994
1952,GBR,26,3,2,31,0,44.0,GBR,,,,0.9999999999999963
1956,GBR,22,8,16,46,0,42.666666666666664,GBR,,,,1.3
1960,GBR,15,2,11,28,0,46.0,GBR,United Kingdom,GBR,1397.5948032844,5.115103852370323e-15
1964,GBR,5,4,19,28,0,35.0,GBR,United Kingdom,GBR,1748.2881176141,-8.400000000000004
1968,GBR,5,9,5,19,0,34.0,GBR,United Kingdom,GBR,1951.75859587532,-2.699999999999997
1972,GBR,12,8,9,29,0,25.0,GBR,United Kingdom,GBR,3030.43251411977,-8.1
1976,GBR,11,6,15,32,0,25.333333333333332,GBR,United Kingdom,GBR,4138.16778761535,-0.5999999999999999
1980,GBR,24,5,18,47,0,26.666666666666668,GBR,United Kingdom,GBR,10032.062080015,2.2000000000000006
1984,GBR,42,9,20,71,0,36.0,GBR,United Kingdom,GBR,8179.19444064991,8.700000000000001
1988,GBR,15,22,17,54,0,50.0,GBR,United Kingdom,GBR,15987.1680775688,14.1
1992,GBR,39,8,3,50,0,57.333333333333336,GBR,United Kingdom,GBR,20487.1707852878,9.000000000000002
1996,GBR,9,2,15,26,0,58.333333333333336,GBR,United Kingdom,GBR,24503.3829602903,-0.7999999999999966
2000,GBR,12,22,20,54,0,43.333333333333336,GBR,United Kingdom,GBR,28383.8761094996,-13.900000000000007
2004,GBR,15,17,25,57,0,43.333333333333336,GBR,United Kingdom,GBR,40504.4118103928,-2.4
2008,GBR,25,31,25,81,0,45.666666666666664,GBR,United Kingdom,GBR,47652.4030691881,4.899999999999997
2012,GBR,48,48,30,126,1,64.0,GBR,United Kingdom,GBR,42688.3263728372,16.8
2016,GBR,26,64,55,145,0,88.0,GBR,United Kingdom,GBR,41257.9085545556,24.0
1968,GDR,19,13,20,52,0,,DEU,Germany,DEU,2025.08159465853,0.0
1972,GDR,57,30,64,151,0,52.0,DEU,Germany,DEU,3823.94032602696,0.0
1976,GDR,42,102,51,195,0,101.5,DEU,Germany,DEU,6659.16546576017,0.0
1980,GDR,61,115,88,264,0,132.66666666666666,DEU,Germany,DEU,12182.7800196802,0.0
1988,GDR,48,79,54,181,0,203.33333333333334,DEU,Germany,DEU,17996.9783507619,68.0
1996,GEO,2,0,0,2,0,,GEO,Georgia,GEO,689.034634153312,0.0
2000,GEO,6,0,0,6,0,2.0,GEO,Georgia,GEO,749.908534993961,0.0
2004,GEO,0,2,2,4,0,4.0,GEO,Georgia,GEO,1305.04748557208,0.0
2008,GEO,3,3,0,6,0,4.0,GEO,Georgia,GEO,3324.7537205015,0.0
2012,GEO,3,1,3,7,0,5.333333333333333,GEO,Georgia,GEO,4530.69533409431,1.0000000000000004
2016,GEO,4,2,1,7,0,5.666666666666667,GEO,Georgia,GEO,4143.40125686315,0.49999999999999983
1896,GER,2,25,5,32,0,,DEU,,,,0.0
1900,GER,11,14,20,45,0,32.0,DEU,,,,0.0
1904,GER,7,4,5,16,0,38.5,DEU,,,,0.0
1906,GER,6,14,10,30,0,31.0,DEU,,,,0.0
1908,GER,6,4,11,21,0,30.333333333333332,DEU,,,,-3.5000000000000004
1912,GER,23,11,19,53,0,22.333333333333332,DEU,,,,-5.800000000000004
1928,GER,41,21,15,77,0,34.666666666666664,DEU,,,,10.199999999999998
1932,GER,7,10,26,43,0,50.333333333333336,DEU,,,,17.3
1936,GER,61,93,70,224,1,57.666666666666664,DEU,,,,9.000000000000007
1952,GER,26,0,14,40,0,114.66666666666667,DEU,,,,47.9
1956,GER,23,9,20,52,0,102.33333333333333,DEU,,,,7.0000000000000036
1960,GER,22,34,33,89,0,105.33333333333333,DEU,Germany,DEU,1162.12266831735,-15.699999999999982
1964,GER,50,22,44,116,0,60.333333333333336,DEU,Germany,DEU,1637.45522773672,-39.30000000000002
1992,GER,60,81,57,198,0,85.66666666666667,DEU,Germany,DEU,26559.8543879632,26.5
1996,GER,47,42,35,124,0,134.33333333333334,DEU,Germany,DEU,30599.7891048363,46.5
2000,GER,64,31,23,118,0,146.0,DEU,Germany,DEU,23925.8559901991,18.699999999999996
2004,GER,63,41,45,149,0,146.66666666666666,DEU,Germany,DEU,34566.7359143735,-6.7999999999999785
2008,GER,41,42,16,99,0,130.33333333333334,DEU,Germany,DEU,46379.1647953479,-15.299999999999995
2012,GER,22,45,27,94,0,122.0,DEU,Germany,DEU,44718.0159214069,-4.399999999999996
2016,GER,67,49,43,159,0,114.0,DEU,Germany,DEU,42948.9381932694,-12.199999999999992
1960,GHA,0,0,1,1,0,,GHA,Ghana,GHA,174.858856531804,0.0
1964,GHA,1,0,0,1,0,1.0,GHA,Ghana,GHA,224.968154393354,0.0
1972,GHA,1,0,0,1,0,1.0,GHA,Ghana,GHA,223.80286383233,0.0
1992,GHA,20,0,0,20,0,1.0,GHA,Ghana,GHA,396.426407640517,0.0
1896,GRE,20,10,18,48,1,,GRC,,,,0.0
1904,GRE,1,1,0,2,0,48.0,GRC,,,,0.0
1906,GRE,30,24,48,102,0,25.0,GRC,,,,0.0
1908,GRE,1,0,3,4,0,50.666666666666664,GRC,,,,0.0
1912,GRE,1,1,0,2,0,36.0,GRC,,,,-3.2000000000000024
1920,GRE,0,0,5,5,0,36.0,GRC,,,,-9.799999999999985
1924,GRE,0,1,0,1,0,3.6666666666666665,GRC,,,,-29.3
1956,GRE,1,0,0,1,0,2.6666666666666665,GRC,,,,-0.5999999999999998
1960,GRE,0,3,0,3,0,2.3333333333333335,GRC,Greece,GRC,513.085862390915,-0.6999999999999996
1968,GRE,1,0,0,1,0,1.6666666666666667,GRC,Greece,GRC,1138.38219032671,-0.6000000000000003
1972,GRE,0,0,2,2,0,1.6666666666666667,GRC,Greece,GRC,1873.25412773592,0.19999999999999996
1980,GRE,4,1,0,5,0,2.0,GRC,Greece,GRC,5811.69069600941,0.10000000000000013
1984,GRE,1,0,1,2,0,2.6666666666666665,GRC,Greece,GRC,4785.07463033775,0.6999999999999996
1988,GRE,1,0,0,1,0,3.0,GRC,Greece,GRC,7492.35204811251,0.6000000000000003
1992,GRE,0,2,0,2,0,2.6666666666666665,GRC,Greece,GRC,11021.012224607,-0.5999999999999995
1996,GRE,0,4,4,8,0,1.6666666666666667,GRC,Greece,GRC,13432.5262183244,-1.0000000000000002
2000,GRE,8,4,6,18,0,3.6666666666666665,GRC,Greece,GRC,11638.2010697215,1.9
2004,GRE,5,8,18,31,1,9.333333333333334,GRC,Greece,GRC,21449.2552764245,5.7
2008,GRE,4,0,3,7,0,19.0,GRC,Greece,GRC,31695.8331092209,9.7
2012,GRE,3,0,0,3,0,18.666666666666668,GRC,Greece,GRC,21624.346052551,1.000000000000002
2016,GRE,3,3,1,7,0,13.666666666666666,GRC,Greece,GRC,17919.2426377048,-6.899999999999997
2012,GRN,0,1,0,1,0,,GRD,Grenada,GRD,7092.71985352677,0.0
2016,GRN,0,0,1,1,0,1.0,GRD,Grenada,GRD,9221.23461079424,0.0
2012,GUA,0,0,1,1,0,,GTM,Guatemala,GTM,3286.61959336267,0.0
1980,GUY,1,0,0,1,0,,GUY,Guyana,GUY,778.958814102357,0.0
1900,HAI,0,1,0,1,0,,HTI,,,,0.0
1924,HAI,5,0,0,5,0,1.0,HTI,,,,0.0
1928,HAI,0,0,1,1,0,3.0,HTI,,,,0.0
1996,HKG,0,1,0,1,0,,HKG,"Hong Kong SAR, China",HKG,24818.3021600084,0.0
2004,HKG,0,0,2,2,0,1.0,HKG,"Hong Kong SAR, China",HKG,24928.1003722551,0.0
2012,HKG,1,0,0,1,0,1.5,HKG,"Hong Kong SAR, China",HKG,36730.796195815,0.0
1896,HUN,3,2,1,6,0,,HUN,,,,0.0
1900,HUN,2,1,2,5,0,6.0,HUN,,,,0.0
1904,HUN,1,2,1,4,0,5.5,HUN,,,,0.0
1906,HUN,3,5,5,13,0,5.0,HUN,,,,0.0
1908,HUN,6,7,7,20,0,7.333333333333333,HUN,,,,1.9999999999999998
1912,HUN,3,10,17,30,0,12.333333333333334,HUN,,,,5.3999999999999995
1924,HUN,8,2,12,22,0,21.0,HUN,,,,8.5
1928,HUN,0,10,11,21,0,24.0,HUN,,,,3.7000000000000033
1932,HUN,8,20,5,33,0,24.333333333333332,HUN,,,,-0.49999999999999756
1936,HUN,15,25,1,41,0,25.333333333333332,HUN,,,,0.7999999999999986
1948,HUN,22,15,25,62,0,31.666666666666668,HUN,,,,6.900000000000002
1952,HUN,32,53,17,102,0,45.333333333333336,HUN,,,,13.100000000000003
1956,HUN,14,30,20,64,0,68.33333333333333,HUN,,,,22.799999999999997
1960,HUN,37,13,16,66,0,76.0,HUN,,,,10.900000000000002
1964,HUN,7,42,7,56,0,77.33333333333333,HUN,,,,-2.5999999999999948
1968,HUN,29,32,20,81,0,62.0,HUN,Hungary,HUN,476.434350138292,-13.6
1972,HUN,25,10,46,81,0,67.66666666666667,HUN,Hungary,HUN,709.652502602719,4.099999999999994
1976,HUN,35,14,6,55,0,72.66666666666667,HUN,Hungary,HUN,1248.79851313891,7.0
1980,HUN,40,8,13,61,0,72.33333333333333,HUN,Hungary,HUN,2158.22181355246,-0.29999999999998855
1988,HUN,15,20,9,44,0,65.66666666666667,HUN,Hungary,HUN,2812.23754602897,-8.600000000000001
1992,HUN,8,14,23,45,0,53.333333333333336,HUN,Hungary,HUN,3747.32966394956,-10.500000000000009
1996,HUN,26,8,9,43,0,50.0,HUN,Hungary,HUN,4542.0120380978,-4.7
2000,HUN,4,25,24,53,0,44.0,HUN,Hungary,HUN,4629.91760812548,-5.300000000000002
2004,HUN,4,24,12,40,0,47.0,HUN,Hungary,HUN,10291.2694721409,2.4999999999999982
2008,HUN,3,16,8,27,0,45.333333333333336,HUN,Hungary,HUN,15762.6322515113,-0.5000000000000023
2012,HUN,6,12,8,26,0,40.0,HUN,Hungary,HUN,12950.1594488143,-6.099999999999993
2016,HUN,7,12,3,22,0,31.0,HUN,Hungary,HUN,13215.8605277789,-9.399999999999997
1988,INA,0,0,3,3,0,,IDN,Indonesia,IDN,476.662483405818,0.0
1992,INA,1,2,3,6,0,3.0,IDN,Indonesia,IDN,673.67103954742,0.0
1996,INA,3,2,1,6,0,4.5,IDN,Indonesia,IDN,1118.92133024129,0.0
2000,INA,2,2,4,8,0,5.0,IDN,Indonesia,IDN,763.711124950924,0.0
2004,INA,3,1,1,5,0,6.666666666666667,IDN,Indonesia,IDN,1126.84004447173,1.5000000000000002
2008,INA,3,2,2,7,0,6.333333333333333,IDN,Indonesia,IDN,2124.55483920618,-0.10000000000000019
2012,INA,1,0,1,2,0,6.666666666666667,IDN,Indonesia,IDN,3632.27254030331,3.4899128183323834e-16
2016,INA,0,2,2,4,0,4.666666666666667,IDN,Indonesia,IDN,3521.46943457574,-1.5999999999999996
1900,IND,0,0,2,2,0,,IND,,,,0.0
1928,IND,0,14,0,14,0,2.0,IND,,,,0.0
1932,IND,0,15,0,15,0,8.0,IND,,,,0.0
1936,IND,0,19,0,19,0,10.333333333333334,IND,,,,0.0
1948,IND,0,20,0,20,0,16.0,IND,,,,5.200000000000001
1952,IND,1,14,0,15,0,18.0,IND,,,,2.1999999999999993
1956,IND,0,17,0,17,0,18.0,IND,,,,0.1000000000000018
1960,IND,0,0,13,13,0,17.333333333333332,IND,India,IND,84.9328084793106,-1.1000000000000008
1964,IND,0,15,0,15,0,15.0,IND,India,IND,117.856430772855,-1.9000000000000004
1968,IND,16,0,0,16,0,15.0,IND,India,IND,101.556802521195,-0.39999999999999897
1972,IND,14,0,0,14,0,14.666666666666666,IND,India,IND,125.270705961882,-0.10000000000000177
1980,IND,0,16,0,16,0,15.0,IND,India,IND,271.080945953678,0.4000000000000006
1996,IND,1,0,0,1,0,15.333333333333334,IND,India,IND,401.046754673579,0.10000000000000013
2000,IND,1,0,0,1,0,10.333333333333334,IND,India,IND,442.750218937263,-4.300000000000002
2004,IND,0,0,1,1,0,6.0,IND,India,IND,624.258826510066,-5.400000000000001
2008,IND,2,1,0,3,0,1.0,IND,India,IND,992.519584923828,-4.500000000000001
2012,IND,4,0,2,6,0,1.6666666666666667,IND,India,IND,1429.32199520032,0.5999999999999999
2016,IND,1,0,1,2,0,3.3333333333333335,IND,India,IND,1707.50892912243,1.6999999999999997
1992,IOA,2,0,1,3,0,,,,,,0.0
2016,IOA,1,1,0,2,0,3.0,,,,,0.0
1948,IRI,1,0,0,1,0,,IRN,,,,0.0
1952,IRI,4,0,3,7,0,1.0,IRN,,,,0.0
1956,IRI,1,2,2,5,0,4.0,IRN,,,,0.0
1960,IRI,3,0,1,4,0,4.333333333333333,IRN,"Iran, Islamic Rep.",IRN,195.57752721271,0.0
1964,IRI,2,0,0,2,0,5.333333333333333,IRN,"Iran, Islamic Rep.",IRN,221.731727810865,0.7000000000000004
1968,IRI,2,2,1,5,0,3.6666666666666665,IRN,"Iran, Islamic Rep.",IRN,314.285456656503,-1.5999999999999996
1972,IRI,1,0,2,3,0,3.6666666666666665,IRN,"Iran, Islamic Rep.",IRN,554.748034126016,-0.20000000000000034
1976,IRI,1,0,1,2,0,3.3333333333333335,IRN,"Iran, Islamic Rep.",IRN,1953.51969678549,-2.7013971748325075e-16
1988,IRI,0,0,1,1,0,3.3333333333333335,IRN,"Iran, Islamic Rep.",IRN,2234.46235141335,-0.1999999999999996
1992,IRI,2,0,1,3,0,2.0,IRN,"Iran, Islamic Rep.",IRN,1957.48507794252,-1.2999999999999996
1996,IRI,1,1,1,3,0,2.0,IRN,"Iran, Islamic Rep.",IRN,1914.78121294313,-0.10000000000000038
2000,IRI,1,3,0,4,0,2.3333333333333335,IRN,"Iran, Islamic Rep.",IRN,1650.01385833785,0.4999999999999999
2004,IRI,2,2,2,6,0,3.3333333333333335,IRN,"Iran, Islamic Rep.",IRN,2672.4226651404,0.9
2008,IRI,1,1,0,2,0,4.333333333333333,IRN,"Iran, Islamic Rep.",IRN,5377.4115072957,0.9999999999999999
2012,IRI,3,4,5,12,0,4.0,IRN,"Iran, Islamic Rep.",IRN,8114.08099831877,-0.09999999999999974
2016,IRI,4,3,1,8,0,6.666666666666667,IRN,"Iran, Islamic Rep.",IRN,5710.59947089104,2.0
1924,IRL,1,0,1,2,0,,IRL,,,,0.0
1928,IRL,0,1,0,1,0,2.0,IRL,,,,0.0
1932,IRL,0,2,0,2,0,1.5,IRL,,,,0.0
1948,IRL,1,0,0,1,0,1.6666666666666667,IRL,,,,0.0
1952,IRL,0,0,1,1,0,1.3333333333333333,IRL,,,,-0.19999999999999998
1956,IRL,3,1,1,5,0,1.3333333333333333,IRL,,,,-0.09999999999999969
1964,IRL,1,0,0,1,0,2.3333333333333335,IRL,Ireland,IRL,994.607331611746,0.8999999999999999
1980,IRL,1,0,2,3,0,2.3333333333333335,IRL,Ireland,IRL,6372.43777545453,0.40000000000000013
1984,IRL,0,0,1,1,0,3.0,IRL,Ireland,IRL,5692.02738597285,0.20000000000000034
1992,IRL,0,1,1,2,0,1.6666666666666667,IRL,Ireland,IRL,15714.3847487231,-1.0000000000000002
1996,IRL,1,3,0,4,0,2.0,IRL,Ireland,IRL,20835.8977130847,0.10000000000000013
2000,IRL,0,0,1,1,0,2.3333333333333335,IRL,Ireland,IRL,26334.5672050501,0.39999999999999974
2008,IRL,2,0,1,3,0,2.3333333333333335,IRL,Ireland,IRL,61353.1065629523,0.20000000000000034
2012,IRL,3,1,1,5,0,2.6666666666666665,IRL,Ireland,IRL,49335.8408099555,8.414771118300911e-17
2016,IRL,0,0,3,3,0,3.0,IRL,Ireland,IRL,64129.5571542383,0.4999999999999997
1960,IRQ,1,0,0,1,0,,IRQ,Iraq,IRQ,218.917802531101,0.0
1956,ISL,0,0,1,1,0,,ISL,,,,0.0
1984,ISL,1,0,0,1,0,1.0,ISL,Iceland,ISL,12377.5860216394,0.0
2000,ISL,1,0,0,1,0,1.0,ISL,Iceland,ISL,32503.578963236,0.0
2008,ISL,0,0,14,14,0,1.0,ISL,Iceland,ISL,57489.3399795216,0.0
1992,ISR,1,0,1,2,0,,ISR,Israel,ISR,15509.9913638817,0.0
1996,ISR,1,0,0,1,0,2.0,ISR,Israel,ISR,20224.2789080629,0.0
2000,ISR,1,0,0,1,0,1.5,ISR,Israel,ISR,21706.5194056329,0.0
2004,ISR,1,1,0,2,0,1.3333333333333333,ISR,Israel,ISR,20568.0694088834,0.0
2008,ISR,1,0,0,1,0,1.3333333333333333,ISR,Israel,ISR,30269.217773489,-1.058419184472779e-16
2016,ISR,2,0,0,2,0,1.3333333333333333,ISR,Israel,ISR,37671.5389138798,0.10000000000000009
1988,ISV,0,0,1,1,0,,,,,,0.0
1900,ITA,0,3,2,5,0,,ITA,,,,0.0
1906,ITA,27,21,8,56,0,5.0,ITA,,,,0.0
1908,ITA,0,2,6,8,0,30.5,ITA,,,,0.0
1912,ITA,2,22,1,25,0,23.0,ITA,,,,0.0
1920,ITA,8,67,9,84,0,29.666666666666668,ITA,,,,1.200000000000007
1924,ITA,21,25,5,51,0,39.0,ITA,,,,10.099999999999996
1928,ITA,26,24,22,72,0,53.333333333333336,ITA,,,,18.800000000000004
1932,ITA,18,21,38,77,0,69.0,ITA,,,,10.800000000000011
1936,ITA,5,37,34,76,0,66.66666666666667,ITA,,,,1.167539804632312e-15
1948,ITA,14,21,32,67,0,75.0,ITA,,,,7.999999999999995
1952,ITA,15,17,22,54,0,73.33333333333333,ITA,,,,-1.6000000000000036
1956,ITA,10,26,11,47,0,65.66666666666667,ITA,,,,-7.7999999999999945
1960,ITA,34,36,18,88,1,56.0,ITA,Italy,ITA,836.905850281885,-10.000000000000002
1964,ITA,9,14,28,51,0,63.0,ITA,Italy,ITA,1271.80119301518,5.6
1968,ITA,20,5,8,33,0,62.0,ITA,Italy,ITA,1718.49646427147,3.2000000000000006
1972,ITA,13,9,3,25,0,57.333333333333336,ITA,Italy,ITA,2677.29372999774,-7.899999999999996
1976,ITA,4,2,25,31,0,36.333333333333336,ITA,Italy,ITA,4042.39482463789,-20.700000000000003
1980,ITA,8,8,21,37,0,29.666666666666668,ITA,Italy,ITA,8476.41045000836,-6.800000000000002
1984,ITA,28,29,6,63,0,31.0,ITA,Italy,ITA,7757.55374836822,1.8000000000000005
1988,ITA,8,11,10,29,0,43.666666666666664,ITA,Italy,ITA,15780.9495122174,11.999999999999998
1992,ITA,14,21,10,45,0,43.0,ITA,Italy,ITA,23297.0460325456,2.000000000000003
1996,ITA,28,19,24,71,0,45.666666666666664,ITA,Italy,ITA,23122.9337219116,-0.9999999999999949
2000,ITA,29,22,14,65,0,48.333333333333336,ITA,Italy,ITA,20190.0035636084,3.9999999999999956
2004,ITA,39,24,41,104,0,60.333333333333336,ITA,Italy,ITA,31348.1901841445,13.400000000000002
2008,ITA,20,8,14,42,0,80.0,ITA,Italy,ITA,40828.5795580937,17.1
2012,ITA,30,16,22,68,0,70.33333333333333,ITA,Italy,ITA,34854.3949441965,-4.799999999999998
2016,ITA,24,8,40,72,0,71.33333333333333,ITA,Italy,ITA,31391.5692898108,-5.2999999999999945
1948,JAM,0,1,2,3,0,,JAM,,,,0.0
1952,JAM,0,5,3,8,0,3.0,JAM,,,,0.0
1968,JAM,0,0,1,1,0,5.5,JAM,Jamaica,JAM,591.045817173244,0.0
1972,JAM,1,0,0,1,0,4.0,JAM,Jamaica,JAM,970.802906405502,0.0
1976,JAM,0,1,1,2,0,3.3333333333333335,JAM,Jamaica,JAM,1449.977882067,-1.2999999999999996
1980,JAM,3,0,0,3,0,1.3333333333333333,JAM,Jamaica,JAM,1248.74484727418,-1.8000000000000007
1984,JAM,2,0,5,7,0,2.0,JAM,Jamaica,JAM,1048.13405395534,0.7
1988,JAM,0,0,7,7,0,4.0,JAM,Jamaica,JAM,1632.01481656159,1.9000000000000001
1992,JAM,1,0,3,4,0,5.666666666666667,JAM,Jamaica,JAM,1458.10146892635,1.8999999999999997
1996,JAM,12,1,3,16,0,6.0,JAM,Jamaica,JAM,2928.89692611996,0.3000000000000005
2000,JAM,3,0,20,23,0,9.0,JAM,Jamaica,JAM,3453.09252800226,2.3999999999999995
2004,JAM,6,6,1,13,0,14.333333333333334,JAM,Jamaica,JAM,3807.56293124552,5.999999999999999
2008,JAM,6,5,3,14,0,17.333333333333332,JAM,Jamaica,JAM,5029.80095281745,3.4000000000000017
2012,JAM,8,8,9,25,0,16.666666666666668,JAM,Jamaica,JAM,5340.83333232158,-1.5999999999999972
2016,JAM,2,11,17,30,0,17.333333333333332,JAM,Jamaica,JAM,5302.29553353854,0.7000000000000005
2016,JOR,0,1,0,1,0,,JOR,Jordan,JOR,3986.71677010853,0.0
1920,JPN,0,0,3,3,0,,JPN,,,,0.0
1924,JPN,1,0,0,1,0,3.0,JPN,,,,0.0
1928,JPN,1,2,6,9,0,2.0,JPN,,,,0.0
1932,JPN,4,10,17,31,0,4.333333333333333,JPN,,,,0.0
1936,JPN,10,9,4,23,0,13.666666666666666,JPN,,,,9.199999999999998
1952,JPN,2,1,9,12,0,21.0,JPN,,,,8.799999999999999
1956,JPN,5,4,15,24,0,22.0,JPN,,,,0.0999999999999988
1960,JPN,12,9,10,31,0,19.666666666666668,JPN,Japan,JPN,508.702779291773,-3.200000000000003
1964,JPN,25,32,5,62,1,22.333333333333332,JPN,Japan,JPN,902.867721515126,3.599999999999999
1968,JPN,22,16,25,63,0,39.0,JPN,Japan,JPN,1553.27139379996,15.700000000000001
1972,JPN,8,29,19,56,0,52.0,JPN,Japan,JPN,3031.43860570759,14.800000000000002
1976,JPN,10,25,6,41,0,60.333333333333336,JPN,Japan,JPN,5310.43140904992,7.600000000000004
1984,JPN,31,10,8,49,0,53.333333333333336,JPN,Japan,JPN,11207.4523524293,-7.000000000000001
1988,JPN,13,4,3,20,0,48.666666666666664,JPN,Japan,JPN,25499.8811728107,-5.7
1992,JPN,36,3,8,47,0,36.666666666666664,JPN,Japan,JPN,31992.7902119161,-10.0
1996,JPN,13,3,26,42,0,38.666666666666664,JPN,Japan,JPN,39150.0396308089,-1.1000000000000012
2000,JPN,8,5,31,44,0,36.333333333333336,JPN,Japan,JPN,39169.3595701504,0.5999999999999973
2004,JPN,52,21,20,93,0,44.333333333333336,JPN,Japan,JPN,38298.9801712303,6.700000000000004
2008,JPN,13,23,15,51,0,59.666666666666664,JPN,Japan,JPN,39876.3039685725,13.999999999999996
2012,JPN,33,7,44,84,0,62.666666666666664,JPN,Japan,JPN,49145.2804308193,7.600000000000001
2016,JPN,34,17,13,64,0,76.0,JPN,Japan,JPN,39375.4731620781,7.799999999999999
1996,KAZ,4,3,4,11,0,,KAZ,Kazakhstan,KAZ,1281.39152895397,0.0
2000,KAZ,0,3,4,7,0,11.0,KAZ,Kazakhstan,KAZ,1180.0444563226,0.0
2004,KAZ,3,1,4,8,0,9.0,KAZ,Kazakhstan,KAZ,2722.47407755402,0.0
2008,KAZ,7,2,4,13,0,8.666666666666666,KAZ,Kazakhstan,KAZ,8123.54705891736,0.0
2012,KAZ,5,7,1,13,0,9.333333333333334,KAZ,Kazakhstan,KAZ,12018.7966527993,0.6999999999999997
2016,KAZ,10,3,5,18,0,11.333333333333334,KAZ,Kazakhstan,KAZ,7475.56688689424,2.3000000000000003
1964,KEN,1,0,0,1,0,,KEN,Kenya,KEN,111.300544823892,0.0
1968,KEN,2,3,7,12,0,1.0,KEN,Kenya,KEN,128.654646882243,0.0
1972,KEN,4,5,3,12,0,6.5,KEN,Kenya,KEN,172.642044778441,0.0
1984,KEN,2,1,0,3,0,8.333333333333334,KEN,Kenya,KEN,334.40283575753,0.0
1988,KEN,2,5,2,9,0,9.0,KEN,Kenya,KEN,391.238771204282,0.6000000000000012
1992,KEN,2,2,4,8,0,8.0,KEN,Kenya,KEN,336.68139978696,-1.7999999999999998
1996,KEN,3,1,4,8,0,6.666666666666667,KEN,Kenya,KEN,440.527078880876,-0.6000000000000003
2000,KEN,2,2,3,7,0,8.333333333333334,KEN,Kenya,KEN,414.626365130846,1.400000000000001
2004,KEN,2,1,4,7,0,7.666666666666667,KEN,Kenya,KEN,463.662781300121,-0.5999999999999989
2008,KEN,5,6,4,15,0,7.333333333333333,KEN,Kenya,KEN,915.54435473604,-0.40000000000000074
2012,KEN,5,2,4,11,0,9.666666666666666,KEN,Kenya,KEN,1285.00536171512,2.1
2016,KEN,1,6,6,13,0,11.0,KEN,Kenya,KEN,1554.12610314423,2.0000000000000004
2000,KGZ,1,0,0,1,0,,KGZ,Kyrgyz Republic,KGZ,279.621738464365,0.0
2008,KGZ,1,0,1,2,0,1.0,KGZ,Kyrgyz Republic,KGZ,966.388569370494,0.0
1948,KOR,2,0,0,2,0,,KOR,,,,0.0
1952,KOR,2,0,0,2,0,2.0,KOR,,,,0.0
1956,KOR,1,0,1,2,0,2.0,KOR,,,,0.0
1964,KOR,1,0,2,3,0,2.0,KOR,"Korea, Rep.",KOR,124.24136735879,0.0
1968,KOR,1,0,1,2,0,2.3333333333333335,KOR,"Korea, Rep.",KOR,199.982134957643,0.29999999999999993
1972,KOR,0,0,1,1,0,2.3333333333333335,KOR,"Korea, Rep.",KOR,328.021411521648,0.09999999999999998
1976,KOR,15,1,1,17,0,2.0,KOR,"Korea, Rep.",KOR,847.205737881176,-0.39999999999999963
1984,KOR,7,6,28,41,0,6.666666666666667,KOR,"Korea, Rep.",KOR,2468.68667303898,4.1
1988,KOR,12,28,37,77,1,19.666666666666668,KOR,"Korea, Rep.",KOR,4888.68509195605,13.299999999999999
1992,KOR,16,28,5,49,0,45.0,KOR,"Korea, Rep.",KOR,8387.16308258471,25.200000000000003
1996,KOR,7,10,49,66,0,55.666666666666664,KOR,"Korea, Rep.",KOR,13864.9376534518,13.200000000000006
2000,KOR,35,12,26,73,0,64.0,KOR,"Korea, Rep.",KOR,12710.2995795579,4.700000000000004
2004,KOR,10,14,28,52,0,62.666666666666664,KOR,"Korea, Rep.",KOR,17121.6301633201,0.5000000000000028
2008,KOR,26,41,11,78,0,63.666666666666664,KOR,"Korea, Rep.",KOR,22252.3125108061,1.6000000000000012
2012,KOR,30,18,13,61,0,67.66666666666667,KOR,"Korea, Rep.",KOR,26600.5477433903,1.500000000000008
2016,KOR,10,13,3,26,0,63.666666666666664,KOR,"Korea, Rep.",KOR,30832.0628072516,-0.9999999999999996
2016,KOS,0,1,0,1,0,,XKX,Kosovo,XKX,3759.44959067104,0.0
2000,KSA,1,0,1,2,0,,SAU,Saudi Arabia,SAU,11714.5623675159,0.0
2012,KSA,4,0,0,4,0,2.0,SAU,Saudi Arabia,SAU,28733.4375513452,0.0
2000,KUW,1,0,0,1,0,,KWT,Kuwait,KWT,19296.3471698729,0.0
2012,KUW,1,0,0,1,0,1.0,KWT,Kuwait,KWT,52155.2225833921,0.0
1932,LAT,0,0,1,1,0,,LVA,,,,0.0
1936,LAT,1,0,1,2,0,1.0,LVA,,,,0.0
1992,LAT,1,0,2,3,0,1.5,LVA,,,,0.0
1996,LAT,0,0,1,1,0,2.0,LVA,Latvia,LVA,2360.1714816213,0.0
2000,LAT,1,1,1,3,0,2.0,LVA,Latvia,LVA,3278.17896440803,0.10000000000000013
2004,LAT,0,0,4,4,0,2.3333333333333335,LVA,Latvia,LVA,6109.73265186817,0.10000000000000032
2008,LAT,1,1,1,3,0,2.6666666666666665,LVA,Latvia,LVA,15677.6080864506,0.49999999999999994
2012,LAT,2,1,0,3,0,3.3333333333333335,LVA,Latvia,LVA,13329.3499931271,0.7000000000000002
1952,LIB,1,0,1,2,0,,LBN,,,,0.0
1972,LIB,0,0,1,1,0,2.0,LBN,,,,0.0
1980,LIB,1,0,0,1,0,1.5,LBN,,,,0.0
1992,LTU,12,1,0,13,0,,LTU,,,,0.0
1996,LTU,11,0,0,11,0,13.0,LTU,Lithuania,LTU,2340.67545970008,0.0
2000,LTU,15,2,0,17,0,12.0,LTU,Lithuania,LTU,3300.63634928559,0.0
2004,LTU,0,1,2,3,0,13.666666666666666,LTU,Lithuania,LTU,6734.57487061946,0.0
2008,LTU,3,0,2,5,0,10.333333333333334,LTU,Lithuania,LTU,14955.5345462921,-2.399999999999998
2012,LTU,2,2,1,5,0,8.333333333333334,LTU,Lithuania,LTU,14288.1853493139,-3.199999999999999
2016,LTU,5,0,2,7,0,4.333333333333333,LTU,Lithuania,LTU,14934.2702840428,-3.400000000000001
1900,LUX,0,1,0,1,0,,LUX,,,,0.0
1920,LUX,0,0,1,1,0,1.0,LUX,,,,0.0
1924,LUX,0,1,1,2,0,1.0,LUX,,,,0.0
1928,LUX,0,1,0,1,0,1.3333333333333333,LUX,,,,0.0
1952,LUX,0,1,0,1,0,1.3333333333333333,LUX,,,,0.10000000000000009
1960,MAR,0,0,1,1,0,,MAR,Morocco,MAR,174.784133911133,0.0
1984,MAR,0,2,0,2,0,1.0,MAR,Morocco,MAR,681.909729003906,0.0
1988,MAR,2,1,0,3,0,1.5,MAR,Morocco,MAR,1086.03527832031,0.0
1992,MAR,1,1,1,3,0,2.0,MAR,Morocco,MAR,1327.02954101563,0.0
1996,MAR,2,0,0,2,0,2.6666666666666665,MAR,Morocco,MAR,1596.83239746094,0.7000000000000001
2000,MAR,4,0,1,5,0,2.6666666666666665,MAR,Morocco,MAR,1499.107421875,3.215233786718791e-16
2004,MAR,0,2,1,3,0,3.3333333333333335,MAR,Morocco,MAR,2183.55541992188,0.49999999999999994
2008,MAR,1,0,1,2,0,3.3333333333333335,MAR,Morocco,MAR,3183.20043945313,0.29999999999999993
2012,MAR,1,0,0,1,0,3.3333333333333335,MAR,Morocco,MAR,3164.17724609375,-0.1999999999999996
2016,MAR,1,0,0,1,0,2.0,MAR,Morocco,MAR,3140.85546875,-1.2999999999999996
1992,MAS,2,0,0,2,0,,MYS,Malaysia,MYS,3141.43321987651,0.0
1996,MAS,1,0,2,3,0,2.0,MYS,Malaysia,MYS,4837.16897250768,0.0
2008,MAS,0,0,1,1,0,2.5,MYS,Malaysia,MYS,8371.82156086005,0.0
2012,MAS,1,0,1,2,0,2.0,MYS,Malaysia,MYS,10600.5744240026,0.0
2016,MAS,1,0,7,8,0,2.0,MYS,Malaysia,MYS,9476.53409809923,-0.1999999999999996
1996,MDA,1,0,2,3,0,,MDA,Moldova,MDA,575.145455139019,0.0
2000,MDA,1,0,1,2,0,3.0,MDA,Moldova,MDA,440.538683980372,0.0
2008,MDA,1,0,0,1,0,2.5,MDA,Moldova,MDA,2110.55305353857,0.0
2012,MDA,2,0,0,2,0,2.0,MDA,Moldova,MDA,3044.8084324815,0.0
1900,MEX,3,0,0,3,0,,MEX,,,,0.0
1932,MEX,0,0,2,2,0,3.0,MEX,,,,0.0
1936,MEX,16,0,0,16,0,2.5,MEX,,,,0.0
1948,MEX,4,4,1,9,0,7.0,MEX,,,,0.0
1952,MEX,0,0,1,1,0,9.0,MEX,,,,3.1999999999999997
1956,MEX,1,1,0,2,0,8.666666666666666,MEX,,,,-0.999999999999998
1960,MEX,1,0,0,1,0,4.0,MEX,Mexico,MEX,355.075199563018,-4.999999999999999
1964,MEX,1,0,0,1,0,1.3333333333333333,MEX,Mexico,MEX,480.704214437745,-2.300000000000001
1968,MEX,3,3,3,9,1,1.3333333333333333,MEX,Mexico,MEX,615.922912128842,-0.09999999999999969
1972,MEX,0,0,1,1,0,3.6666666666666665,MEX,Mexico,MEX,836.569673446138,2.099999999999999
1976,MEX,1,1,0,2,0,3.6666666666666665,MEX,Mexico,MEX,1465.49877862474,0.8000000000000003
1980,MEX,9,0,1,10,0,4.0,MEX,Mexico,MEX,3054.62162291784,-0.49999999999999906
1984,MEX,1,2,3,6,0,4.333333333333333,MEX,Mexico,MEX,2506.30742754755,0.3999999999999995
1988,MEX,2,0,0,2,0,6.0,MEX,Mexico,MEX,2278.81222720992,2.3
1992,MEX,0,0,1,1,0,6.0,MEX,Mexico,MEX,4220.56643677057,-0.3999999999999991
1996,MEX,1,0,0,1,0,3.0,MEX,Mexico,MEX,4674.36792733681,-3.100000000000001
2000,MEX,3,1,2,6,0,1.3333333333333333,MEX,Mexico,MEX,7524.0271380091,-1.5999999999999999
2004,MEX,1,0,3,4,0,2.6666666666666665,MEX,Mexico,MEX,7849.66759649565,1.1999999999999997
2008,MEX,2,2,0,4,0,3.6666666666666665,MEX,Mexico,MEX,10523.7685403244,1.4
2012,MEX,3,16,5,24,0,4.666666666666667,MEX,Mexico,MEX,10744.1335242686,0.7000000000000002
2016,MEX,2,0,3,5,0,10.666666666666666,MEX,Mexico,MEX,9097.92397674769,5.3999999999999995
1968,MGL,3,0,1,4,0,,MNG,,,,0.0
1972,MGL,0,0,1,1,0,4.0,MNG,,,,0.0
1976,MGL,0,0,1,1,0,2.5,MNG,,,,0.0
1980,MGL,2,0,2,4,0,2.0,MNG,Mongolia,MNG,1235.14422497627,0.0
1988,MGL,1,0,0,1,0,2.0,MNG,Mongolia,MNG,1543.33555521093,-3.414415133691028e-16
1992,MGL,2,0,0,2,0,2.0,MNG,Mongolia,MNG,607.813424662797,0.29999999999999993
1996,MGL,1,0,0,1,0,2.3333333333333335,MNG,Mongolia,MNG,595.5810149554,2.6129142551613906e-16
2004,MGL,1,0,0,1,0,1.3333333333333333,MNG,Mongolia,MNG,794.154552001815,-0.8
2008,MGL,0,2,2,4,0,1.3333333333333333,MNG,Mongolia,MNG,2127.42678594737,-0.09999999999999969
2012,MGL,3,0,2,5,0,2.0,MNG,Mongolia,MNG,4328.89001905655,0.5999999999999998
2016,MGL,1,0,1,2,0,3.3333333333333335,MNG,Mongolia,MNG,3619.90026383792,1.4999999999999998
2000,MKD,1,0,0,1,0,,MKD,North Macedonia,MKD,1861.89899780644,0.0
2012,MNE,0,0,14,14,0,,MNE,Montenegro,MNE,6552.48071710904,0.0
1924,MON,1,0,0,1,0,,MCO,,,,0.0
1996,MOZ,1,0,0,1,0,,MOZ,Mozambique,MOZ,244.362651012498,0.0
2000,MOZ,0,1,0,1,0,1.0,MOZ,Mozambique,MOZ,327.12623979157,0.0
2008,MRI,1,0,0,1,0,,MUS,Mauritius,MUS,8140.50808595895,0.0
1992,NAM,0,0,2,2,0,,NAM,Namibia,NAM,2346.86242963741,0.0
1996,NAM,0,0,2,2,0,2.0,NAM,Namibia,NAM,2423.3982907313,0.0
1900,NED,16,3,8,27,0,,NLD,,,,0.0
1906,NED,5,0,1,6,0,27.0,NLD,,,,0.0
1908,NED,16,0,0,16,0,16.5,NLD,,,,0.0
1912,NED,26,0,0,26,0,16.333333333333332,NLD,,,,0.0
1920,NED,25,15,10,50,0,16.0,NLD,,,,0.6999999999999985
1924,NED,18,8,1,27,0,30.666666666666668,NLD,,,,14.200000000000001
1928,NED,8,20,29,57,1,34.333333333333336,NLD,,,,5.7
1932,NED,1,2,10,13,0,44.666666666666664,NLD,,,,7.000000000000001
1936,NED,21,9,7,37,0,32.333333333333336,NLD,,,,-8.1
1948,NED,32,8,2,42,0,35.666666666666664,NLD,,,,-1.3999999999999966
1952,NED,0,0,18,18,0,30.666666666666668,NLD,,,,-2.1000000000000005
1960,NED,2,0,1,3,0,32.333333333333336,NLD,Netherlands,NLD,1156.38597727767,1.9999999999999998
1964,NED,16,5,10,31,0,21.0,NLD,Netherlands,NLD,1668.33086114697,-12.6
1968,NED,1,6,7,14,0,17.333333333333332,NLD,Netherlands,NLD,2364.3594192663,-4.800000000000001
1972,NED,2,3,1,6,0,16.0,NLD,Netherlands,NLD,4110.49164551948,1.5999999999999968
1976,NED,12,0,2,14,0,17.0,NLD,Netherlands,NLD,7937.35246713998,-0.7999999999999993
1980,NED,5,0,1,6,0,11.333333333333334,NLD,Netherlands,NLD,13812.1600098191,-5.900000000000002
1984,NED,14,20,7,41,0,8.666666666666666,NLD,Netherlands,NLD,9991.84377655651,-1.6000000000000005
1988,NED,36,3,6,45,0,20.333333333333332,NLD,Netherlands,NLD,17770.6162376388,9.7
1992,NED,8,5,20,33,0,30.666666666666668,NLD,Netherlands,NLD,23939.2173482108,12.799999999999999
1996,NED,26,38,9,73,0,39.666666666666664,NLD,Netherlands,NLD,29063.6236532536,8.500000000000004
2000,NED,23,27,29,79,0,50.333333333333336,NLD,Netherlands,NLD,26225.1697734149,8.399999999999999
2004,NED,22,4,51,77,0,61.666666666666664,NLD,Netherlands,NLD,40611.3414353091,14.199999999999996
2008,NED,4,39,18,61,0,76.33333333333333,NLD,Netherlands,NLD,58246.7026905874,13.800000000000002
2012,NED,19,21,29,69,0,72.33333333333333,NLD,Netherlands,NLD,50473.9442002689,-3.799999999999997
2016,NED,13,9,25,47,0,69.0,NLD,Netherlands,NLD,46808.5291492503,-4.6000000000000085
1964,NGR,1,0,0,1,0,,NGA,Nigeria,NGA,113.297345671875,0.0
1972,NGR,1,0,0,1,0,1.0,NGA,Nigeria,NGA,209.454776294345,0.0
1984,NGR,4,0,1,5,0,1.0,NGA,Nigeria,NGA,890.434106332302,0.0
1992,NGR,4,0,7,11,0,2.3333333333333335,NGA,Nigeria,NGA,508.515905682785,0.0
1996,NGR,3,17,4,24,0,5.666666666666667,NGA,Nigeria,NGA,1632.72469370276,3.3999999999999995
2000,NGR,0,6,2,8,0,13.333333333333334,NGA,Nigeria,NGA,547.318298903379,7.5
2004,NGR,8,0,0,8,0,14.333333333333334,NGA,Nigeria,NGA,962.48104194733,2.2000000000000015
2008,NGR,7,0,16,23,0,13.333333333333334,NGA,Nigeria,NGA,2154.10543545364,-2.4999999999999996
2016,NGR,18,0,0,18,0,13.0,NGA,Nigeria,NGA,2070.4127339595,-0.30000000000000226
1972,NIG,1,0,0,1,0,,NER,Niger,NER,151.437947747318,0.0
2016,NIG,0,0,1,1,0,1.0,NER,Niger,NER,502.706475406446,0.0
1900,NOR,3,0,6,9,0,,NOR,,,,0.0
1904,NOR,0,2,0,2,0,9.0,NOR,,,,0.0
1906,NOR,0,20,5,25,0,5.5,NOR,,,,0.0
1908,NOR,3,7,32,42,0,12.0,NOR,,,,0.0
1912,NOR,34,40,6,80,0,23.0,NOR,,,,12.199999999999998
1920,NOR,27,58,52,137,0,49.0,NOR,,,,25.099999999999998
1924,NOR,3,14,5,22,0,86.33333333333333,NOR,,,,37.39999999999999
1928,NOR,1,4,4,9,0,79.66666666666667,NOR,,,,-0.29999999999999727
1936,NOR,15,1,12,28,0,56.0,NOR,,,,-32.79999999999999
1948,NOR,11,3,4,18,0,19.666666666666668,NOR,,,,-34.00000000000001
1952,NOR,0,5,8,13,0,18.333333333333332,NOR,,,,0.6999999999999995
1956,NOR,2,1,0,3,0,19.666666666666668,NOR,,,,0.20000000000000318
1960,NOR,0,2,0,2,0,11.333333333333334,NOR,Norway,NOR,1451.2850779894,-7.9999999999999964
1968,NOR,0,4,2,6,0,6.0,NOR,Norway,NOR,2679.71300438189,-5.800000000000001
1972,NOR,4,2,2,8,0,3.6666666666666665,NOR,Norway,NOR,4413.57569168528,-2.200000000000001
1976,NOR,0,2,4,6,0,5.333333333333333,NOR,Norway,NOR,8927.20162734477,1.8999999999999995
1984,NOR,3,0,1,4,0,6.666666666666667,NOR,Norway,NOR,14989.4857665906,1.4000000000000004
1988,NOR,0,2,20,22,0,6.0,NOR,Norway,NOR,24207.281468963,-0.7999999999999994
1992,NOR,1,2,20,23,0,10.666666666666666,NOR,Norway,NOR,30523.9850558974,3.9999999999999996
1996,NOR,18,2,3,23,0,16.333333333333332,NOR,Norway,NOR,37321.9741993473,6.9
2000,NOR,19,20,4,43,0,22.666666666666668,NOR,Norway,NOR,38178.2368777076,5.800000000000001
2004,NOR,2,5,0,7,0,29.666666666666668,NOR,Norway,NOR,57768.6980958462,6.300000000000002
2008,NOR,1,16,5,22,0,24.333333333333332,NOR,Norway,NOR,97503.5407803783,-2.7999999999999994
2012,NOR,1,15,1,17,0,24.0,NOR,Norway,NOR,102175.919298374,-3.899999999999998
2016,NOR,19,0,0,19,0,15.333333333333334,NOR,Norway,NOR,70867.3609970749,-6.3000000000000025
1900,NZL,0,1,0,1,0,,NZL,,,,0.0
1920,NZL,1,0,0,1,0,1.0,NZL,,,,0.0
1924,NZL,1,0,0,1,0,1.0,NZL,,,,0.0
1928,NZL,0,1,0,1,0,1.0,NZL,,,,0.0
1932,NZL,0,0,2,2,0,1.0,NZL,,,,-8.214889951798643e-17
1936,NZL,0,1,0,1,0,1.3333333333333333,NZL,,,,0.3
1952,NZL,2,1,0,3,0,1.3333333333333333,NZL,,,,0.10000000000000009
1956,NZL,0,3,0,3,0,2.0,NZL,,,,0.5000000000000001
1960,NZL,1,2,0,3,0,2.3333333333333335,NZL,New Zealand,NZL,2334.1337214332,0.4999999999999999
1964,NZL,2,4,0,6,0,3.0,NZL,New Zealand,NZL,2839.31554692453,0.6000000000000003
1968,NZL,2,5,0,7,0,4.0,NZL,New Zealand,NZL,1902.42182426883,0.8999999999999999
1972,NZL,1,9,4,14,0,5.333333333333333,NZL,New Zealand,NZL,3294.64894268304,1.5
1976,NZL,9,15,1,25,0,9.0,NZL,New Zealand,NZL,4373.84099791231,3.4
1984,NZL,6,16,1,23,0,15.333333333333334,NZL,New Zealand,NZL,6713.76013104154,6.3999999999999995
1988,NZL,16,4,4,24,0,20.666666666666668,NZL,New Zealand,NZL,13759.1556295922,5.9
1992,NZL,5,1,9,15,0,24.0,NZL,New Zealand,NZL,11793.1392416214,2.8000000000000025
1996,NZL,4,3,2,9,0,20.666666666666668,NZL,New Zealand,NZL,18794.436039393,-2.900000000000001
2000,NZL,3,1,0,4,0,16.0,NZL,New Zealand,NZL,13641.1027183822,-5.100000000000003
2004,NZL,0,4,2,6,0,9.333333333333334,NZL,New Zealand,NZL,25420.234882944,-6.6
2008,NZL,9,4,2,15,0,6.333333333333333,NZL,New Zealand,NZL,31324.7397977102,-3.2
2012,NZL,15,9,3,27,0,8.333333333333334,NZL,New Zealand,NZL,40053.6991536369,1.9999999999999984
2016,NZL,5,6,25,36,0,16.0,NZL,New Zealand,NZL,40113.7195382428,7.800000000000001
1956,PAK,0,0,14,14,0,,PAK,,,,0.0
1960,PAK,1,13,0,14,0,14.0,PAK,Pakistan,PAK,82.0241000071912,0.0
1964,PAK,0,0,16,16,0,14.0,PAK,Pakistan,PAK,102.45976384531,0.0
1968,PAK,0,13,0,13,0,14.666666666666666,PAK,Pakistan,PAK,141.558306459346,0.0
1972,PAK,0,0,15,15,0,14.333333333333334,PAK,Pakistan,PAK,148.073976270617,-0.09999999999999999
1976,PAK,16,0,0,16,0,14.666666666666666,PAK,Pakistan,PAK,183.859733422347,1.2958327630465385e-15
1984,PAK,0,16,0,16,0,14.666666666666666,PAK,Pakistan,PAK,327.345625152291,0.19999999999999904
1988,PAK,1,0,0,1,0,15.666666666666666,PAK,Pakistan,PAK,353.85454278549,1.0000000000000007
1992,PAK,16,0,0,16,0,11.0,PAK,Pakistan,PAK,395.67720859593,-4.199999999999999
1948,PAN,2,0,0,2,0,,PAN,,,,0.0
2008,PAN,0,1,0,1,0,2.0,PAN,Panama,PAN,7347.59049046839,0.0
2004,PAR,0,0,17,17,0,,PRY,Paraguay,PRY,1786.21533938543,0.0
1948,PER,0,1,0,1,0,,PER,,,,0.0
1984,PER,0,0,1,1,0,1.0,PER,Peru,PER,917.896274683145,0.0
1988,PER,0,0,12,12,0,1.0,PER,Peru,PER,733.299784874657,0.0
1992,PER,0,0,1,1,0,4.666666666666667,PER,Peru,PER,1567.40910765128,0.0
1928,PHI,1,0,0,1,0,,PHL,,,,0.0
1932,PHI,3,0,0,3,0,1.0,PHL,,,,0.0
1936,PHI,1,0,0,1,0,2.0,PHL,,,,0.0
1964,PHI,0,0,1,1,0,1.6666666666666667,PHL,Philippines,PHL,188.153783582113,0.0
1988,PHI,1,0,0,1,0,1.6666666666666667,PHL,Philippines,PHL,722.343718454247,-0.19999999999999984
1992,PHI,1,0,0,1,0,1.0,PHL,Philippines,PHL,916.515694532029,-0.5999999999999999
1996,PHI,0,0,1,1,0,1.0,PHL,Philippines,PHL,1311.09249403865,-8.214889951798643e-17
2016,PHI,0,0,1,1,0,1.0,PHL,Philippines,PHL,2985.19564024046,-8.214889951798643e-17
1924,POL,1,0,4,5,0,,POL,,,,0.0
1928,POL,15,2,3,20,0,5.0,POL,,,,0.0
1932,POL,14,3,4,21,0,12.5,POL,,,,0.0
1936,POL,6,0,6,12,0,15.333333333333334,POL,,,,0.0
1948,POL,1,1,0,2,0,17.666666666666668,POL,,,,2.200000000000003
1952,POL,1,1,2,4,0,11.666666666666666,POL,,,,-6.299999999999996
1956,POL,9,1,9,19,0,6.0,POL,,,,-6.1000000000000005
1960,POL,15,4,11,30,0,8.333333333333334,POL,,,,2.299999999999998
1964,POL,23,10,13,46,0,17.666666666666668,POL,,,,9.899999999999999
1968,POL,30,5,2,37,0,31.666666666666668,POL,,,,13.700000000000001
1972,POL,11,27,8,46,0,37.666666666666664,POL,,,,7.000000000000003
1976,POL,26,18,29,73,0,43.0,POL,,,,3.9000000000000004
1980,POL,22,3,25,50,0,52.0,POL,,,,9.0
1988,POL,10,2,9,21,0,56.333333333333336,POL,,,,6.600000000000007
1992,POL,19,5,22,46,0,48.0,POL,Poland,POL,2459.02068468253,-9.8
1996,POL,7,7,8,22,0,39.0,POL,Poland,POL,4163.51195431959,-11.000000000000005
2000,POL,7,7,10,24,0,29.666666666666668,POL,Poland,POL,4520.64100449111,-5.900000000000002
2004,POL,6,4,2,12,0,30.666666666666668,POL,Poland,POL,6711.72715262967,-1.4999999999999918
2008,POL,1,6,13,20,0,19.333333333333332,POL,Poland,POL,14048.5604672654,-9.999999999999998
2012,POL,8,2,2,12,0,18.666666666666668,POL,Poland,POL,13087.420943321,-1.8000000000000007
2016,POL,10,3,3,16,0,14.666666666666666,POL,Poland,POL,12464.0110508476,-2.799999999999999
1924,POR,4,0,0,4,0,,PRT,,,,0.0
1928,POR,6,0,0,6,0,4.0,PRT,,,,0.0
1936,POR,3,0,0,3,0,5.0,PRT,,,,0.0
1948,POR,3,0,2,5,0,4.333333333333333,PRT,,,,0.0
1952,POR,2,0,0,2,0,4.666666666666667,PRT,,,,6.811390250392742e-16
1960,POR,0,0,2,2,0,3.3333333333333335,PRT,Portugal,PRT,376.976430250874,-1.0000000000000004
1976,POR,0,0,2,2,0,3.0,PRT,Portugal,PRT,2173.28393425975,-0.5999999999999999
1984,POR,2,1,0,3,0,2.0,PRT,Portugal,PRT,2522.74747620658,-0.9000000000000002
1988,POR,0,1,0,1,0,2.3333333333333335,PRT,Portugal,PRT,5623.69699982123,0.29999999999999993
1996,POR,2,1,0,3,0,2.0,PRT,Portugal,PRT,12185.0914010629,-0.19999999999999998
2000,POR,2,0,0,2,0,2.3333333333333335,PRT,Portugal,PRT,11526.3720667968,0.10000000000000032
2004,POR,1,0,2,3,0,2.0,PRT,Portugal,PRT,18064.1580932987,-0.10000000000000038
2008,POR,0,1,1,2,0,2.6666666666666665,PRT,Portugal,PRT,24949.0413566739,0.5000000000000002
2012,POR,0,0,2,2,0,2.3333333333333335,PRT,Portugal,PRT,20593.4274224109,-0.19999999999999982
2016,POR,1,0,0,1,0,2.3333333333333335,PRT,Portugal,PRT,19980.2808866516,-0.09999999999999999
1972,PRK,13,1,1,15,0,,,,,,0.0
1976,PRK,0,1,1,2,0,15.0,,,,,0.0
1980,PRK,2,0,3,5,0,8.5,,,,,0.0
1992,PRK,6,4,0,10,0,7.333333333333333,,,,,0.0
1996,PRK,2,2,1,5,0,5.666666666666667,,,,,-1.2000000000000006
2000,PRK,3,0,1,4,0,6.666666666666667,,,,,1.4
2004,PRK,1,0,4,5,0,6.333333333333333,,,,,-0.7999999999999999
2008,PRK,3,2,1,6,0,4.666666666666667,,,,,-1.5999999999999996
2012,PRK,2,4,0,6,0,5.0,,,,,0.39999999999999986
2016,PRK,2,2,3,7,0,5.666666666666667,,,,,0.7000000000000005
1948,PUR,1,0,0,1,0,,,,,,0.0
1976,PUR,1,0,0,1,0,1.0,,,,,0.0
1984,PUR,1,0,1,2,0,1.0,,,,,0.0
1992,PUR,1,0,0,1,0,1.3333333333333333,,,,,0.0
1996,PUR,1,0,0,1,0,1.3333333333333333,,,,,0.10000000000000009
2012,PUR,1,0,1,2,0,1.3333333333333333,,,,,-0.09999999999999969
2016,PUR,0,1,0,1,0,1.3333333333333333,,,,,-1.058419184472779e-16
1992,QAT,1,0,0,1,0,,QAT,Qatar,QAT,16280.2938815273,0.0
2000,QAT,1,0,0,1,0,1.0,QAT,Qatar,QAT,27535.182940934,0.0
2012,QAT,2,0,0,2,0,1.0,QAT,Qatar,QAT,108470.387023229,0.0
2016,QAT,0,0,1,1,0,1.3333333333333333,QAT,Qatar,QAT,61253.6217997091,0.0
1924,ROU,16,0,0,16,0,,ROU,,,,0.0
1936,ROU,0,0,1,1,0,16.0,ROU,,,,0.0
1952,ROU,2,1,1,4,0,8.5,ROU,,,,0.0
1956,ROU,10,6,3,19,0,7.0,ROU,,,,0.0
1960,ROU,11,3,1,15,0,8.0,ROU,,,,1.1999999999999977
1964,ROU,10,2,4,16,0,12.666666666666666,ROU,,,,5.699999999999999
1968,ROU,9,5,9,23,0,16.666666666666668,ROU,,,,3.2
1972,ROU,27,3,10,40,0,18.0,ROU,,,,1.299999999999999
1976,ROU,23,4,28,55,0,26.333333333333332,ROU,,,,8.199999999999998
1980,ROU,46,7,15,68,0,39.333333333333336,ROU,,,,13.4
1984,ROU,35,40,31,106,0,54.333333333333336,ROU,,,,15.000000000000005
1988,ROU,16,8,34,58,0,76.33333333333333,ROU,Romania,ROU,1753.19285632198,21.099999999999998
1992,ROU,14,8,31,53,0,77.33333333333333,ROU,Romania,ROU,1102.10378473246,4.6999999999999975
1996,ROU,15,13,10,38,0,72.33333333333333,ROU,Romania,ROU,1633.01064354117,-9.300000000000002
2000,ROU,13,27,6,46,0,49.666666666666664,ROU,Romania,ROU,1659.92904910528,-20.900000000000006
2004,ROU,11,23,5,39,0,45.666666666666664,ROU,Romania,ROU,3494.99056448955,-5.099999999999998
2008,ROU,16,5,1,22,0,41.0,ROU,Romania,ROU,10435.1561230787,-3.3999999999999972
2012,ROU,6,2,8,16,0,35.666666666666664,ROU,Romania,ROU,8929.95366231474,-5.499999999999998
2016,ROU,10,4,2,16,0,25.666666666666668,ROU,Romania,ROU,9404.54005870715,-10.700000000000001
1908,RSA,0,1,1,2,0,,ZAF,,,,0.0
1912,RSA,0,5,2,7,0,2.0,ZAF,,,,0.0
1920,RSA,6,3,12,21,0,4.5,ZAF,,,,0.0
1924,RSA,1,1,1,3,0,10.0,ZAF,,,,0.0
1928,RSA,5,1,0,6,0,10.333333333333334,ZAF,,,,1.7000000000000008
1932,RSA,3,2,0,5,0,10.0,ZAF,,,,-2.0999999999999988
1936,RSA,0,0,1,1,0,4.666666666666667,ZAF,,,,-4.5
1948,RSA,2,2,2,6,0,4.0,ZAF,,,,-0.6999999999999997
1952,RSA,4,2,8,14,0,4.0,ZAF,,,,-0.40000000000000036
1956,RSA,7,0,0,7,0,7.0,ZAF,,,,3.1999999999999993
1960,RSA,2,0,1,3,0,9.0,ZAF,South Africa,ZAF,532.147504330332,2.6000000000000005
1992,RSA,0,0,3,3,0,8.0,ZAF,South Africa,ZAF,3462.39400202835,-1.5999999999999996
1996,RSA,1,3,1,5,0,4.333333333333333,ZAF,South Africa,ZAF,3617.55336002932,-3.6999999999999997
2000,RSA,3,0,2,5,0,3.6666666666666665,ZAF,South Africa,ZAF,3217.84693448467,-0.6000000000000004
2004,RSA,3,4,3,10,0,4.333333333333333,ZAF,South Africa,ZAF,5221.46333731721,0.7999999999999996
2008,RSA,0,0,1,1,0,6.666666666666667,ZAF,South Africa,ZAF,6184.75474328399,2.1
2012,RSA,1,6,2,9,0,5.333333333333333,ZAF,South Africa,ZAF,8076.97678479741,-0.6999999999999995
2016,RSA,14,2,7,23,0,6.666666666666667,ZAF,South Africa,ZAF,5651.20585165749,0.3000000000000006
1908,RUS,0,1,2,3,0,,RUS,,,,0.0
1912,RUS,9,0,5,14,0,3.0,RUS,,,,0.0
1996,RUS,34,36,45,115,0,8.5,RUS,Russian Federation,RUS,2643.92919921875,0.0
2000,RUS,54,66,67,187,0,44.0,RUS,Russian Federation,RUS,1771.59411621094,0.0
2004,RUS,95,48,46,189,0,105.33333333333333,RUS,Russian Federation,RUS,4102.36474609375,65.3
2008,RUS,53,43,46,142,0,163.66666666666666,RUS,Russian Federation,RUS,11635.2841796875,59.70000000000002
2012,RUS,51,50,39,140,0,172.66666666666666,RUS,Russian Federation,RUS,15401.8515625,8.300000000000011
2016,RUS,35,52,28,115,0,157.0,RUS,Russian Federation,RUS,8663.158203125,-18.799999999999997
1996,SCG,13,1,12,26,0,,SRB,Serbia,SRB,3053.90516860949,0.0
2000,SCG,13,11,1,25,0,26.0,SRB,Serbia,SRB,974.725469278615,0.0
2004,SCG,0,0,13,13,0,25.5,SRB,Serbia,SRB,3597.08798057009,0.0
1988,SEN,0,0,1,1,0,,SEN,Senegal,SEN,880.487755138196,0.0
1960,SGP,0,0,1,1,0,,SGP,Singapore,SGP,428.056183371291,0.0
2008,SGP,0,0,3,3,0,1.0,SGP,Singapore,SGP,40008.5720489092,0.0
2012,SGP,4,0,0,4,0,2.0,SGP,Singapore,SGP,55547.5553077786,0.0
2016,SGP,0,1,0,1,0,2.6666666666666665,SGP,Singapore,SGP,57005.5887176547,0.0
1992,SLO,6,0,0,6,0,,SVN,Slovenia,SVN,7151.15243829224,0.0
1996,SLO,0,0,2,2,0,6.0,SVN,Slovenia,SVN,10796.7399446283,0.0
2000,SLO,0,3,0,3,0,4.0,SVN,Slovenia,SVN,10135.7219109212,0.0
2004,SLO,3,0,2,5,0,3.6666666666666665,SVN,Slovenia,SVN,17103.8297783905,0.0
2008,SLO,2,1,2,5,0,3.3333333333333335,SVN,Slovenia,SVN,27461.9764165315,-0.20000000000000034
2012,SLO,3,1,1,5,0,4.333333333333333,SVN,Slovenia,SVN,22442.1417859955,1.0999999999999999
2016,SLO,1,1,2,4,0,5.0,SVN,Slovenia,SVN,21447.8377796036,0.6000000000000004
2008,SRB,14,0,1,15,0,,SRB,Serbia,SRB,7376.73517910716,0.0
2012,SRB,14,1,1,16,0,15.0,SRB,Serbia,SRB,6263.04086072815,0.0
2016,SRB,13,14,27,54,0,15.5,SRB,Serbia,SRB,5982.37030126471,0.0
1948,SRI,0,0,1,1,0,,LKA,,,,0.0
2000,SRI,0,0,1,1,0,1.0,LKA,Sri Lanka,LKA,860.199884304769,0.0
2008,SUD,0,0,1,1,0,,SDN,Sudan,SDN,1527.58239746094,0.0
1896,SUI,0,1,2,3,0,,CHE,,,,0.0
1900,SUI,1,16,4,21,0,3.0,CHE,,,,0.0
1904,SUI,2,1,0,3,0,12.0,CHE,,,,0.0
1906,SUI,1,8,3,12,0,9.0,CHE,,,,0.0
1912,SUI,0,2,0,2,0,12.0,CHE,,,,0.9000000000000016
1920,SUI,21,6,2,29,0,5.666666666666667,CHE,,,,-4.799999999999999
1924,SUI,21,14,25,60,0,14.333333333333334,CHE,,,,6.800000000000001
1928,SUI,4,16,10,30,0,30.333333333333332,CHE,,,,17.099999999999998
1932,SUI,0,0,1,1,0,39.666666666666664,CHE,,,,11.500000000000004
1936,SUI,24,5,23,52,0,30.333333333333332,CHE,,,,-11.399999999999993
1948,SUI,6,5,25,36,0,27.666666666666668,CHE,,,,-5.300000000000003
1952,SUI,12,2,19,33,0,29.666666666666668,CHE,,,,6.9
1956,SUI,3,0,0,3,0,40.333333333333336,CHE,,,,8.000000000000004
1960,SUI,6,0,6,12,0,24.0,CHE,Switzerland,CHE,1954.3113206427,-15.000000000000002
1964,SUI,1,1,4,6,0,16.0,CHE,Switzerland,CHE,2734.93009044177,-10.199999999999998
1968,SUI,10,0,3,13,0,7.0,CHE,Switzerland,CHE,3413.49358157003,-7.200000000000002
1972,SUI,0,0,8,8,0,10.333333333333334,CHE,Switzerland,CHE,5884.77524107186,2.4000000000000004
1976,SUI,6,1,3,10,0,9.0,CHE,Switzerland,CHE,10864.971231108,-0.49999999999999994
1980,SUI,0,2,0,2,0,10.333333333333334,CHE,Switzerland,CHE,19393.8805480097,0.6999999999999993
1984,SUI,4,0,9,13,0,6.666666666666667,CHE,Switzerland,CHE,16991.2458841517,-3.0999999999999996
1988,SUI,2,0,6,8,0,8.333333333333334,CHE,Switzerland,CHE,32690.4302734561,0.7000000000000001
1992,SUI,0,1,0,1,0,7.666666666666667,CHE,Switzerland,CHE,40713.6881521435,0.5
1996,SUI,0,5,6,11,0,7.333333333333333,CHE,Switzerland,CHE,48092.6433036512,-0.7999999999999989
2000,SUI,2,1,11,14,0,6.666666666666667,CHE,Switzerland,CHE,38865.021939688,-1.300000000000001
2004,SUI,4,1,2,7,0,8.666666666666666,CHE,Switzerland,CHE,54659.4571488233,2.7999999999999994
2008,SUI,7,3,1,11,0,10.666666666666666,CHE,Switzerland,CHE,74175.1927898555,2.1000000000000014
2012,SUI,0,2,2,4,0,10.666666666666666,CHE,Switzerland,CHE,85836.2076767359,-0.700000000000001
2016,SUI,2,6,3,11,0,7.333333333333333,CHE,Switzerland,CHE,82153.0745447889,-2.6
1988,SUR,0,1,0,1,0,,SUR,Suriname,SUR,2886.42980207694,0.0
1992,SUR,1,0,0,1,0,1.0,SUR,Suriname,SUR,968.895253466926,0.0
1996,SVK,1,1,1,3,0,,SVK,Slovak Republic,SVK,5247.70081044708,0.0
2000,SVK,1,2,3,6,0,3.0,SVK,Slovak Republic,SVK,5421.6448441887,0.0
2004,SVK,5,3,2,10,0,4.5,SVK,Slovak Republic,SVK,10650.1290097126,0.0
2008,SVK,1,4,5,10,0,6.333333333333333,SVK,Slovak Republic,SVK,18744.3192278346,0.0
2012,SVK,4,0,1,5,0,8.666666666666666,SVK,Slovak Republic,SVK,17516.9691054078,2.5000000000000004
2016,SVK,0,3,5,8,0,8.333333333333334,SVK,Slovak Republic,SVK,16636.0769133073,-0.29999999999999993
1900,SWE,1,3,0,4,0,,SWE,,,,0.0
1906,SWE,14,2,5,21,0,4.0,SWE,,,,0.0
1908,SWE,18,48,18,84,0,12.5,SWE,,,,0.0
1912,SWE,25,103,62,190,1,36.333333333333336,SWE,,,,0.0
1920,SWE,64,52,38,154,0,98.33333333333333,SWE,,,,62.099999999999994
1924,SWE,43,7,22,72,0,142.66666666666666,SWE,,,,50.50000000000001
1928,SWE,22,7,8,37,0,138.66666666666666,SWE,,,,-7.200000000000007
1932,SWE,12,13,7,32,0,87.66666666666667,SWE,,,,-54.100000000000016
1936,SWE,17,7,11,35,0,47.0,SWE,,,,-40.1
1948,SWE,30,30,15,75,0,34.666666666666664,SWE,,,,-11.600000000000003
1952,SWE,23,23,24,70,0,47.333333333333336,SWE,,,,11.7
1956,SWE,6,14,14,34,0,60.0,SWE,,,,15.400000000000002
1960,SWE,3,2,2,7,0,59.666666666666664,SWE,Sweden,SWE,2128.36441205712,-0.7999999999999956
1964,SWE,8,3,4,15,0,37.0,SWE,Sweden,SWE,2961.02884624727,-23.999999999999996
1968,SWE,1,4,4,9,0,18.666666666666668,SWE,Sweden,SWE,3953.08297234501,-19.2
1972,SWE,8,4,10,22,0,10.333333333333334,SWE,Sweden,SWE,6018.39052977191,-6.700000000000001
1976,SWE,0,9,1,10,0,15.333333333333334,SWE,Sweden,SWE,10852.5192441428,3.9000000000000004
1980,SWE,9,3,8,20,0,13.666666666666666,SWE,Sweden,SWE,17073.0446711494,-0.20000000000000032
1984,SWE,13,3,18,34,0,17.333333333333332,SWE,Sweden,SWE,13080.0302290066,2.1000000000000005
1988,SWE,11,0,5,16,0,21.333333333333332,SWE,Sweden,SWE,24499.1240758517,4.599999999999998
1992,SWE,7,1,27,35,0,23.333333333333332,SWE,Sweden,SWE,32753.4287003642,3.200000000000003
1996,SWE,5,3,23,31,0,28.333333333333332,SWE,Sweden,SWE,33022.2444768661,2.6999999999999993
2000,SWE,8,4,20,32,0,27.333333333333332,SWE,Sweden,SWE,29632.5890811623,0.999999999999999
2004,SWE,2,5,5,12,0,32.666666666666664,SWE,Sweden,SWE,42758.0048564929,4.400000000000004
2008,SWE,2,0,5,7,0,25.0,SWE,Sweden,SWE,55817.1759726485,-6.800000000000001
2012,SWE,3,2,17,22,0,17.0,SWE,Sweden,SWE,57749.5615420853,-9.199999999999998
2016,SWE,3,2,23,28,0,13.666666666666666,SWE,Sweden,SWE,51703.5088332851,-3.5000000000000004
1984,SYR,0,0,1,1,0,,SYR,Syrian Arab Republic,SYR,1706.21944810524,0.0
1996,SYR,0,1,0,1,0,1.0,SYR,Syrian Arab Republic,SYR,918.195857362788,0.0
2004,SYR,1,0,0,1,0,1.0,SYR,Syrian Arab Republic,SYR,1368.1148230028,0.0
1980,TAN,0,0,2,2,0,,TZA,Tanzania,TZA,611.211791992188,0.0
1920,TCH,10,0,0,10,0,,CZE,,,,0.0
1924,TCH,5,1,4,10,0,10.0,CZE,,,,0.0
1928,TCH,2,2,12,16,0,10.0,CZE,,,,0.0
1932,TCH,2,1,3,6,0,12.0,CZE,,,,0.0
1936,TCH,1,5,12,18,0,10.666666666666666,CZE,,,,-0.6000000000000006
1948,TCH,3,14,3,20,0,13.333333333333334,CZE,,,,1.400000000000001
1952,TCH,10,11,4,25,0,14.666666666666666,CZE,,,,2.399999999999999
1956,TCH,1,1,5,7,0,21.0,CZE,,,,5.900000000000001
1960,TCH,11,4,7,22,0,17.333333333333332,CZE,,,,-2.7999999999999994
1964,TCH,12,5,37,54,0,18.0,CZE,,,,-1.2000000000000002
1968,TCH,15,7,7,29,0,27.666666666666668,CZE,,,,10.2
1972,TCH,6,2,21,29,0,35.0,CZE,,,,9.800000000000002
1976,TCH,9,2,4,15,0,37.333333333333336,CZE,,,,-0.39999999999999986
1980,TCH,16,17,18,51,0,24.333333333333332,CZE,,,,-11.700000000000005
1988,TCH,3,3,4,10,0,31.666666666666668,CZE,,,,5.199999999999997
1992,TCH,1,4,3,8,0,25.333333333333332,CZE,Czechia,CZE,3396.70972430469,-2.0999999999999983
1996,TGA,0,0,1,1,0,,TON,Tonga,TON,2214.91474789811,0.0
1976,THA,1,0,0,1,0,,THA,Thailand,THA,405.408734060752,0.0
1984,THA,0,0,1,1,0,1.0,THA,Thailand,THA,846.934168430884,0.0
1988,THA,1,0,0,1,0,1.0,THA,Thailand,THA,1164.20096229495,0.0
1992,THA,1,0,0,1,0,1.0,THA,Thailand,THA,1971.60879910694,0.0
1996,THA,1,1,0,2,0,1.0,THA,Thailand,THA,3054.65690806473,-8.214889951798643e-17
2000,THA,2,1,0,3,0,1.3333333333333333,THA,Thailand,THA,2005.97694514234,0.3
2004,THA,4,3,1,8,0,2.0,THA,Thailand,THA,2641.56268717857,0.7
2008,THA,0,2,2,4,0,4.333333333333333,THA,Thailand,THA,4309.13509292986,2.1999999999999993
2012,THA,1,0,2,3,0,5.0,THA,Thailand,THA,5725.52802835463,1.1000000000000003
2016,THA,2,2,2,6,0,5.0,THA,Thailand,THA,5833.57715617098,-0.39999999999999936
2008,TJK,1,0,1,2,0,,TJK,Tajikistan,TJK,703.327375898643,0.0
2012,TJK,1,0,0,1,0,2.0,TJK,Tajikistan,TJK,952.452819695469,0.0
2016,TJK,0,1,0,1,0,1.5,TJK,Tajikistan,TJK,788.710481734485,0.0
2008,TOG,1,0,0,1,0,,TGO,Togo,TGO,718.948386717473,0.0
1960,TPE,0,0,1,1,0,,TWN,,,,0.0
1968,TPE,1,0,0,1,0,1.0,TWN,,,,0.0
1984,TPE,1,0,0,1,0,1.0,TWN,,,,0.0
1992,TPE,0,0,20,20,0,1.0,TWN,,,,0.0
1996,TPE,0,0,1,1,0,7.333333333333333,TWN,,,,5.699999999999999
2000,TPE,4,0,1,5,0,7.333333333333333,TWN,,,,1.9000000000000004
2004,TPE,3,2,4,9,0,8.666666666666666,TWN,,,,-0.6999999999999996
2008,TPE,4,0,0,4,0,5.0,TWN,,,,-2.9000000000000012
2012,TPE,1,0,1,2,0,6.0,TWN,,,,1.300000000000001
2016,TPE,4,1,0,5,0,5.0,TWN,,,,-1.399999999999999
1948,TTO,0,0,1,1,0,,TTO,,,,0.0
1952,TTO,2,0,0,2,0,1.0,TTO,,,,0.0
1964,TTO,5,0,1,6,0,1.5,TTO,Trinidad and Tobago,TTO,779.766014894579,0.0
1976,TTO,0,1,0,1,0,3.0,TTO,Trinidad and Tobago,TTO,2344.93028321949,0.0
1996,TTO,2,0,0,2,0,3.0,TTO,Trinidad and Tobago,TTO,4427.27832448289,0.40000000000000047
2000,TTO,1,0,1,2,0,3.0,TTO,Trinidad and Tobago,TTO,6178.58975559687,-0.4999999999999994
2004,TTO,1,0,0,1,0,1.6666666666666667,TTO,Trinidad and Tobago,TTO,9871.03419820086,-1.0999999999999999
2008,TTO,0,5,1,6,0,1.6666666666666667,TTO,Trinidad and Tobago,TTO,21298.9945258063,-7.107905678787443e-17
2012,TTO,5,1,4,10,0,3.0,TTO,Trinidad and Tobago,TTO,20332.1389531925,1.0999999999999999
2016,TTO,1,0,0,1,0,5.666666666666667,TTO,Trinidad and Tobago,TTO,17449.1538801956,2.9
1964,TUN,1,0,1,2,0,,TUN,Tunisia,TUN,228.484793689273,0.0
1968,TUN,1,1,0,2,0,2.0,TUN,Tunisia,TUN,248.91225549272,0.0
1972,TUN,0,0,1,1,0,2.0,TUN,Tunisia,TUN,414.626612581104,0.0
1996,TUN,1,0,0,1,0,1.6666666666666667,TUN,Tunisia,TUN,2107.40815649257,0.0
2008,TUN,0,1,0,1,0,1.3333333333333333,TUN,Tunisia,TUN,4255.05008019523,-0.3999999999999999
2012,TUN,1,1,1,3,0,1.0,TUN,Tunisia,TUN,4297.26782454273,-0.30000000000000016
2016,TUN,3,0,0,3,0,1.6666666666666667,TUN,Tunisia,TUN,3847.80354448809,0.5999999999999999
1936,TUR,1,1,0,2,0,,TUR,,,,0.0
1948,TUR,2,6,4,12,0,2.0,TUR,,,,0.0
1952,TUR,1,2,0,3,0,7.0,TUR,,,,0.0
1956,TUR,2,3,2,7,0,5.666666666666667,TUR,,,,0.0
1960,TUR,0,7,2,9,0,7.333333333333333,TUR,Turkiye,TUR,267.091207552765,0.6000000000000003
1964,TUR,1,2,3,6,0,6.333333333333333,TUR,Turkiye,TUR,354.365541117168,-0.5000000000000008
1968,TUR,0,2,0,2,0,7.333333333333333,TUR,Turkiye,TUR,501.12130904111,1.1000000000000008
1972,TUR,0,0,1,1,0,5.666666666666667,TUR,Turkiye,TUR,537.337529232528,-1.7999999999999994
1984,TUR,3,0,0,3,0,3.0,TUR,Turkiye,TUR,1209.05149383313,-2.7999999999999994
1988,TUR,0,1,1,2,0,2.0,TUR,Turkiye,TUR,1685.69479240535,-1.0000000000000009
1992,TUR,2,2,2,6,0,2.0,TUR,Turkiye,TUR,2743.65320297936,0.19999999999999993
1996,TUR,1,4,1,6,0,3.6666666666666665,TUR,Turkiye,TUR,4041.36210281686,1.4000000000000001
2000,TUR,2,3,0,5,0,4.666666666666667,TUR,Turkiye,TUR,4199.3798635759,1.2999999999999998
2004,TUR,5,3,3,11,0,5.666666666666667,TUR,Turkiye,TUR,5979.6054216148,0.9
2008,TUR,3,1,3,7,0,7.333333333333333,TUR,Turkiye,TUR,10913.4079047769,1.4000000000000001
2012,TUR,1,2,2,5,0,7.666666666666667,TUR,Turkiye,TUR,11776.7593362033,0.8999999999999997
2016,TUR,4,1,3,8,0,7.666666666666667,TUR,Turkiye,TUR,10984.3643169061,-0.39999999999999936
2004,UAE,0,1,0,1,0,,ARE,United Arab Emirates,ARE,33376.7152295209,0.0
2016,UAE,1,0,0,1,0,1.0,ARE,United Arab Emirates,ARE,42721.0999383185,0.0
1960,UAR,1,0,1,2,0,,,,,,0.0
1968,UGA,1,0,1,2,0,,UGA,Uganda,UGA,106.851228104531,0.0
1972,UGA,0,1,1,2,0,2.0,UGA,Uganda,UGA,136.964736487473,0.0
1980,UGA,0,0,1,1,0,2.0,UGA,Uganda,UGA,93.7506991135184,0.0
1996,UGA,1,0,0,1,0,1.6666666666666667,UGA,Uganda,UGA,284.698259285733,0.0
2012,UGA,0,1,0,1,0,1.3333333333333333,UGA,Uganda,UGA,795.222867553127,-0.3999999999999999
1996,UKR,19,10,5,34,0,,UKR,Ukraine,UKR,869.846069335938,0.0
2000,UKR,12,3,20,35,0,34.0,UKR,Ukraine,UKR,653.294311523438,0.0
2004,UKR,31,8,8,47,0,34.5,UKR,Ukraine,UKR,1401.01806640625,0.0
2008,UKR,16,10,5,31,0,38.666666666666664,UKR,Ukraine,UKR,4017.806640625,0.0
2012,UKR,12,9,5,26,0,37.666666666666664,UKR,Ukraine,UKR,3951.34228515625,0.3000000000000002
2016,UKR,5,2,8,15,0,34.666666666666664,UKR,Ukraine,UKR,2158.46118164063,-4.299999999999991
1952,URS,19,36,62,117,0,,RUS,,,,0.0
1956,URS,55,68,46,169,0,117.0,RUS,,,,0.0
1960,URS,45,61,63,169,0,143.0,RUS,,,,0.0
1964,URS,51,60,63,174,0,151.66666666666666,RUS,,,,0.0
1968,URS,64,65,63,192,0,170.66666666666666,RUS,,,,17.100000000000005
1972,URS,60,107,47,214,0,178.33333333333334,RUS,,,,7.3999999999999995
1976,URS,77,114,95,286,0,193.33333333333334,RUS,,,,15.30000000000001
1980,URS,126,187,129,442,1,230.66666666666666,RUS,,,,35.79999999999998
1988,URS,99,134,67,300,0,314.0,RUS,Russian Federation,RUS,3778.01977539063,82.19999999999999
1924,URU,0,14,0,14,0,,URY,,,,0.0
1928,URU,0,17,0,17,0,14.0,URY,,,,0.0
1932,URU,1,0,0,1,0,15.5,URY,,,,0.0
1948,URU,2,0,1,3,0,10.666666666666666,URY,,,,0.0
1952,URU,14,0,0,14,0,7.0,URY,,,,-4.899999999999999
1956,URU,12,0,0,12,0,6.0,URY,,,,-0.7000000000000017
1964,URU,1,0,0,1,0,9.666666666666666,URY,Uruguay,URY,744.654270146069,4.400000000000001
2000,URU,0,0,1,1,0,9.0,URY,Uruguay,URY,6987.70098766257,-0.7999999999999982
1896,USA,2,11,7,20,0,,USA,,,,0.0
1900,USA,17,30,16,63,0,20.0,USA,,,,0.0
1904,USA,125,128,141,394,1,41.5,USA,,,,0.0
1906,USA,6,12,6,24,0,159.0,USA,,,,0.0
1908,USA,15,34,16,65,0,160.33333333333334,USA,,,,34.30000000000001
1912,USA,36,46,25,107,0,161.0,USA,,,,-36.399999999999984
1920,USA,38,111,45,194,0,65.33333333333333,USA,,,,-82.00000000000004
1924,USA,49,97,36,182,0,122.0,USA,,,,55.2
1928,USA,17,47,24,88,0,161.0,USA,,,,43.8
1932,USA,61,81,47,189,1,154.66666666666666,USA,,,,-6.900000000000002
1936,USA,16,51,29,96,0,153.0,USA,,,,-10.899999999999991
1948,USA,35,87,30,152,0,124.33333333333333,USA,,,,-15.700000000000006
1952,USA,28,83,23,134,0,145.66666666666666,USA,,,,9.899999999999999
1956,USA,20,61,42,123,0,127.33333333333333,USA,,,,-10.900000000000018
1960,USA,21,81,23,125,0,136.33333333333334,USA,United States,USA,2999.86487154495,6.300000000000007
1964,USA,37,95,37,169,0,127.33333333333333,USA,United States,USA,3565.31443016356,-9.199999999999998
1968,USA,35,99,32,166,0,139.0,USA,United States,USA,4684.58840293763,10.700000000000006
1972,USA,43,69,59,171,0,153.33333333333334,USA,United States,USA,6094.01798986165,17.299999999999997
1976,USA,36,70,58,164,0,168.66666666666666,USA,United States,USA,8592.25353727612,13.499999999999998
1984,USA,50,186,116,352,1,167.0,USA,United States,USA,17121.2254849995,-1.0000000000000042
1988,USA,54,87,66,207,0,229.0,USA,United States,USA,21417.0119305191,55.099999999999994
1992,USA,85,89,50,224,0,241.0,USA,United States,USA,25418.9907763319,29.599999999999998
1996,USA,52,159,48,259,1,261.0,USA,United States,USA,29967.7127181749,3.500000000000038
2000,USA,51,130,61,242,0,230.0,USA,United States,USA,36329.9560727102,-26.199999999999974
2004,USA,71,117,75,263,0,241.66666666666666,USA,United States,USA,41724.6316287624,14.000000000000018
2008,USA,80,127,110,317,0,254.66666666666666,USA,United States,USA,48570.0459804586,9.999999999999964
2012,USA,46,145,57,248,0,274.0,USA,United States,USA,51708.4011556577,19.499999999999975
2016,USA,71,139,54,264,0,276.0,USA,United States,USA,57638.1018367192,7.200000000000009
1996,UZB,1,0,1,2,0,,UZB,Uzbekistan,UZB,597.33228695111,0.0
2000,UZB,2,1,1,4,0,2.0,UZB,Uzbekistan,UZB,555.149231099186,0.0
2004,UZB,2,2,1,5,0,3.0,UZB,Uzbekistan,UZB,462.171492867885,0.0
2008,UZB,3,1,2,6,0,3.6666666666666665,UZB,Uzbekistan,UZB,1074.72928796701,0.0
2012,UZB,2,1,0,3,0,5.0,UZB,Uzbekistan,UZB,2307.34649117185,1.3
2016,UZB,7,4,2,13,0,4.666666666666667,UZB,Uzbekistan,UZB,2753.37951427589,-0.19999999999999998
1952,VEN,1,0,0,1,0,,VEN,,,,0.0
1960,VEN,1,0,0,1,0,1.0,VEN,"Venezuela, RB",VEN,939.197766577539,0.0
1968,VEN,0,1,0,1,0,1.0,VEN,"Venezuela, RB",VEN,938.015078662499,0.0
1976,VEN,0,0,1,1,0,1.0,VEN,"Venezuela, RB",VEN,2309.19293494983,0.0
1980,VEN,0,0,1,1,0,1.0,VEN,"Venezuela, RB",VEN,3874.40470623155,-8.214889951798643e-17
1984,VEN,3,0,0,3,0,1.0,VEN,"Venezuela, RB",VEN,3519.80146489308,-8.214889951798643e-17
2004,VEN,2,0,0,2,0,1.6666666666666667,VEN,"Venezuela, RB",VEN,4269.08970872392,0.5999999999999999
2008,VEN,1,0,0,1,0,2.0,VEN,"Venezuela, RB",VEN,11262.4514256759,0.5000000000000001
2012,VEN,0,1,0,1,0,2.0,VEN,"Venezuela, RB",VEN,12607.2361246243,-0.09999999999999996
2016,VEN,2,0,1,3,0,1.3333333333333333,VEN,"Venezuela, RB",VEN,3670.15737848208,-0.7000000000000002
2000,VIE,0,0,1,1,0,,VNM,Viet Nam,VNM,404.029784055118,0.0
2008,VIE,0,0,1,1,0,1.0,VNM,Viet Nam,VNM,1163.83195772873,0.0
2016,VIE,0,1,1,2,0,1.0,VNM,Viet Nam,VNM,2735.0604380416,0.0
1960,WIF,5,0,0,5,0,,,,,,0.0
1924,YUG,0,2,0,2,0,,SRB,,,,0.0
1928,YUG,10,1,1,12,0,2.0,SRB,,,,0.0
1936,YUG,0,0,1,1,0,7.0,SRB,,,,0.0
1948,YUG,0,0,16,16,0,5.0,SRB,,,,0.0
1952,YUG,0,4,20,24,0,9.666666666666666,SRB,,,,3.1000000000000005
1956,YUG,0,0,23,23,0,13.666666666666666,SRB,,,,5.099999999999999
1960,YUG,0,16,1,17,0,21.0,SRB,,,,7.400000000000003
1964,YUG,2,2,11,15,0,21.333333333333332,SRB,,,,0.20000000000000134
1968,YUG,2,13,14,29,0,18.333333333333332,SRB,,,,-3.3000000000000016
1972,YUG,2,15,1,18,0,20.333333333333332,SRB,,,,1.5999999999999992
1976,YUG,3,2,14,19,0,20.666666666666668,SRB,,,,1.7
1980,YUG,17,13,27,57,0,22.0,SRB,,,,0.10000000000000026
1984,YUG,35,47,5,87,0,31.333333333333332,SRB,,,,8.499999999999996
1988,YUG,21,15,27,63,0,54.333333333333336,SRB,,,,24.499999999999996
1984,ZAM,1,0,0,1,0,,ZMB,Zambia,ZMB,413.269974271735,0.0
1996,ZAM,0,0,1,1,0,1.0,ZMB,Zambia,ZMB,399.511304742449,0.0
1980,ZIM,0,15,0,15,0,,ZWE,Zimbabwe,ZWE,949.011610530352,0.0
2004,ZIM,1,1,1,3,0,15.0,ZWE,Zimbabwe,ZWE,469.719298949304,0.0
2008,ZIM,0,1,3,4,0,9.0,ZWE,Zimbabwe,ZWE,340.917447588572,0.0
